1598617662.176492691,-1.529837400,0.305967480,8.414105700,0.000000000,0.000000000,0.000000000
1598617662.177774906,-0.764918700,-0.305967480,8.414105700,0.000000000,0.000000000,0.000000000
1598617662.179142952,-0.764918700,-0.152983740,8.873056920,0.000000000,0.000000000,0.000000000
1598617662.180380583,0.458951220,0.152983740,8.873056920,0.000000000,0.000000000,0.000000000
1598617662.182424784,-0.305967480,1.223869920,8.720073180,0.000000000,0.000000000,0.000000000
1598617662.183717966,-1.070886180,0.917902440,8.720073180,0.000000000,0.000000000,0.000000000
1598617662.184959650,-1.529837400,0.152983740,8.567089440,0.000000000,0.000000000,0.000000000
1598617662.186188698,-1.376853660,0.000000000,8.720073180,0.000000000,0.000000000,0.000000000
1598617662.187423706,-0.458951220,-0.305967480,8.567089440,0.000000000,0.000000000,0.000000000
1598617662.188786745,0.000000000,-0.152983740,9.026040660,0.000000000,0.000000000,0.000000000
1598617662.190031767,0.152983740,0.458951220,8.873056920,0.000000000,0.000000000,0.000000000
1598617662.191266775,0.152983740,1.223869920,8.873056920,0.000000000,0.000000000,0.000000000
1598617662.192506790,-0.917902440,0.611934960,8.720073180,0.000000000,0.000000000,0.000000000
1598617662.193742752,-1.376853660,-0.152983740,8.567089440,0.000000000,0.000000000,0.000000000
1598617662.194988728,-1.835804880,-0.152983740,8.873056920,0.000000000,0.000000000,0.000000000
1598617662.196230650,-1.070886180,-0.305967480,8.720073180,0.000000000,0.000000000,0.000000000
1598617662.197532654,0.305967480,0.000000000,8.873056920,0.000000000,0.000000000,0.000000000
1598617662.199040651,0.305967480,0.917902440,9.026040660,0.000000000,0.000000000,0.000000000
1598617662.200304985,-0.611934960,1.529837400,8.873056920,0.000000000,0.000000000,0.000000000
1598617662.201540947,-1.529837400,0.611934960,8.414105700,0.000000000,0.000000000,0.000000000
1598617662.202776909,-1.682821140,0.000000000,8.567089440,0.000000000,0.000000000,0.000000000
1598617662.204004765,-1.223869920,-0.152983740,8.414105700,-0.696076017,0.313616667,8.743020741
1598617662.206140757,0.305967480,0.000000000,8.873056920,-0.719023578,0.321265854,8.743020741
1598617662.208181858,0.152983740,1.070886180,8.567089440,-0.665479269,0.328915041,8.743020741
1598617662.210132837,-1.529837400,0.917902440,8.720073180,-0.680777643,0.374810163,8.727722367
1598617662.212077856,-1.682821140,-0.152983740,8.414105700,-0.741971139,0.359511789,8.727722367
1598617662.214014769,-0.458951220,-0.152983740,8.414105700,-0.772567887,0.305967480,8.712423993
1598617662.216008663,0.152983740,0.917902440,9.026040660,-0.719023578,0.290669106,8.704774806
1598617662.218260765,-1.223869920,1.223869920,8.720073180,-0.642531708,0.336564228,8.720073180
1598617662.220201731,-1.529837400,0.000000000,8.567089440,-0.680777643,0.413056098,8.727722367
1598617662.222144842,-1.529837400,-0.152983740,8.567089440,-0.757269513,0.420705285,8.704774806
1598617662.224104643,0.458951220,0.152983740,8.873056920,-0.841410570,0.390108537,8.689476432
1598617662.226496696,-0.764918700,1.529837400,8.720073180,-0.826112196,0.336564228,8.689476432
1598617662.229090929,-1.529837400,0.000000000,8.567089440,-0.818463009,0.382459350,8.689476432
1598617662.231067657,-0.458951220,-0.152983740,8.720073180,-0.826112196,0.390108537,8.689476432
1598617662.233012676,0.305967480,0.000000000,9.026040660,-0.757269513,0.390108537,8.681827245
1598617662.234994650,-0.611934960,1.223869920,8.720073180,-0.688426830,0.405406911,8.697125619
1598617662.236906767,-0.611934960,0.152983740,8.567089440,-0.734321952,0.466600407,8.689476432
1598617662.238959551,-0.917902440,0.000000000,8.414105700,-0.780217074,0.428354472,8.666528871
1598617662.240951777,0.152983740,0.000000000,8.720073180,-0.795515448,0.351862602,8.643581310
1598617662.242890835,0.152983740,0.917902440,8.720073180,-0.711374391,0.321265854,8.658879684
1598617662.244834900,-1.376853660,0.458951220,8.720073180,-0.619584147,0.367160976,8.666528871
1598617662.246821642,-1.376853660,-0.152983740,8.414105700,-0.627233334,0.397757724,8.681827245
1598617662.248983860,-0.458951220,0.000000000,8.720073180,-0.711374391,0.390108537,8.658879684
1598617662.250923872,0.305967480,0.305967480,8.720073180,-0.741971139,0.336564228,8.666528871
1598617662.252832651,-1.223869920,1.070886180,8.873056920,-0.650180895,0.305967480,8.666528871
1598617662.254756689,-1.223869920,-0.152983740,8.414105700,-0.627233334,0.367160976,8.689476432
1598617662.256709576,-0.764918700,0.000000000,8.567089440,-0.665479269,0.367160976,8.689476432
1598617662.258757591,0.458951220,0.000000000,8.873056920,-0.711374391,0.321265854,8.666528871
1598617662.260693789,0.000000000,1.223869920,8.873056920,-0.627233334,0.260072358,8.674178058
1598617662.262667894,-1.529837400,0.611934960,8.873056920,-0.550741464,0.321265854,8.689476432
1598617662.264616728,-1.223869920,-0.152983740,8.567089440,-0.550741464,0.359511789,8.704774806
1598617662.266579628,0.000000000,-0.152983740,8.873056920,-0.634882521,0.344213415,8.689476432
1598617662.268844843,0.152983740,1.070886180,8.720073180,-0.596636586,0.260072358,8.697125619
1598617662.270761728,-1.070886180,0.764918700,8.720073180,-0.512495529,0.313616667,8.704774806
1598617662.272713661,-1.376853660,0.000000000,8.720073180,-0.543092277,0.359511789,8.704774806
1598617662.274667740,-0.152983740,0.000000000,8.873056920,-0.627233334,0.359511789,8.689476432
1598617662.276615620,0.305967480,0.305967480,9.026040660,-0.604285773,0.298318293,8.697125619
1598617662.278681517,-0.917902440,1.070886180,8.720073180,-0.558390651,0.305967480,8.720073180
1598617662.280635595,-0.917902440,0.000000000,8.720073180,-0.558390651,0.359511789,8.735371554
1598617662.282591820,-0.764918700,-0.152983740,8.567089440,-0.611934960,0.359511789,8.735371554
1598617662.284534693,0.152983740,0.000000000,8.873056920,-0.657830082,0.305967480,8.727722367
1598617662.286452770,0.000000000,0.917902440,8.873056920,-0.581338212,0.283019919,8.735371554
1598617662.288349628,-1.070886180,0.764918700,8.873056920,-0.512495529,0.336564228,8.758319115
1598617662.290310621,-1.376853660,0.000000000,8.720073180,-0.543092277,0.374810163,8.765968302
1598617662.292268753,-0.458951220,0.000000000,8.720073180,-0.627233334,0.359511789,8.765968302
1598617662.294233561,0.305967480,0.458951220,8.720073180,-0.588987399,0.305967480,8.758319115
1598617662.296300888,-0.764918700,1.223869920,8.720073180,-0.512495529,0.336564228,8.773617489
1598617662.298299551,-1.529837400,0.000000000,8.567089440,-0.512495529,0.397757724,8.781266676
1598617662.300258875,-0.458951220,-0.152983740,8.720073180,-0.611934960,0.397757724,8.765968302
1598617662.302187681,0.305967480,0.305967480,8.720073180,-0.634882521,0.328915041,8.758319115
1598617662.304099560,-0.152983740,0.917902440,8.873056920,-0.543092277,0.313616667,8.750669928
1598617662.306063652,-1.376853660,0.458951220,8.720073180,-0.489547968,0.367160976,8.765968302
1598617662.308150768,-1.223869920,0.000000000,8.720073180,-0.558390651,0.397757724,8.758319115
1598617662.310124874,0.000000000,0.152983740,8.567089440,-0.627233334,0.344213415,8.758319115
1598617662.312074661,0.000000000,0.764918700,8.873056920,-0.573689025,0.313616667,8.750669928
1598617662.314025640,-0.917902440,0.917902440,8.720073180,-0.504846342,0.351862602,8.758319115
1598617662.315986633,-1.682821140,0.000000000,8.720073180,-0.543092277,0.397757724,8.750669928
1598617662.318076611,-0.764918700,0.000000000,8.873056920,-0.642531708,0.382459350,8.735371554
1598617662.319992542,0.458951220,0.458951220,8.720073180,-0.634882521,0.328915041,8.743020741
1598617662.321919680,-0.458951220,0.917902440,8.873056920,-0.566039838,0.351862602,8.743020741
1598617662.323870659,-1.376853660,0.458951220,8.720073180,-0.550741464,0.405406911,8.758319115
1598617662.325823784,-0.917902440,0.000000000,8.567089440,-0.627233334,0.428354472,8.750669928
1598617662.327775717,-0.152983740,0.305967480,8.873056920,-0.673128456,0.382459350,8.735371554
1598617662.329869509,-0.152983740,0.764918700,8.873056920,-0.627233334,0.359511789,8.735371554
1598617662.331822634,-1.223869920,0.764918700,8.720073180,-0.566039838,0.397757724,8.743020741
1598617662.335353613,-0.458951220,0.305967480,8.873056920,-0.604285773,0.436003659,8.743020741
1598617662.337266684,0.305967480,0.305967480,8.873056920,-0.642531708,0.428354472,8.750669928
1598617662.339303732,-0.458951220,0.917902440,8.720073180,-0.588987399,0.382459350,8.758319115
1598617662.341232538,-1.223869920,0.458951220,8.873056920,-0.535443090,0.428354472,8.765968302
1598617662.343157768,-0.917902440,0.152983740,8.720073180,-0.573689025,0.458951220,8.773617489
1598617662.345091581,0.152983740,0.458951220,8.720073180,-0.634882521,0.451302033,8.773617489
1598617662.347024679,0.152983740,0.611934960,8.873056920,-0.619584147,0.428354472,8.765968302
1598617662.349207640,-0.611934960,1.070886180,8.873056920,-0.543092277,0.436003659,8.773617489
1598617662.351143599,-1.376853660,0.000000000,8.720073180,-0.512495529,0.489547968,8.781266676
1598617662.353052616,-0.458951220,0.152983740,8.873056920,-0.581338212,0.481898781,8.788915863
1598617662.354973793,0.152983740,0.305967480,8.873056920,-0.604285773,0.451302033,8.788915863
1598617662.356897593,-0.305967480,0.917902440,8.873056920,-0.550741464,0.420705285,8.796565050
1598617662.358964682,-1.223869920,0.152983740,8.720073180,-0.481898781,0.466600407,8.804214237
1598617662.360912561,-0.917902440,0.000000000,8.720073180,-0.504846342,0.474249594,8.796565050
1598617662.362854719,-0.152983740,0.305967480,8.720073180,-0.573689025,0.451302033,8.796565050
1598617662.364806652,-0.305967480,0.611934960,8.873056920,-0.558390651,0.420705285,8.788915863
1598617662.366777658,-0.305967480,0.611934960,8.567089440,-0.504846342,0.428354472,8.796565050
1598617662.368820667,-0.917902440,-0.152983740,8.720073180,-0.474249594,0.458951220,8.796565050
1598617662.370731592,-0.611934960,0.152983740,8.567089440,-0.512495529,0.436003659,8.788915863
1598617662.372667551,0.000000000,0.305967480,8.720073180,-0.535443090,0.405406911,8.773617489
1598617662.374613523,-0.611934960,0.611934960,8.873056920,-0.474249594,0.382459350,8.773617489
1598617662.376571655,-0.611934960,0.152983740,8.567089440,-0.481898781,0.397757724,8.773617489
1598617662.378641605,-0.764918700,0.305967480,8.720073180,-0.527793903,0.390108537,8.758319115
1598617662.380593777,0.000000000,0.305967480,8.567089440,-0.543092277,0.359511789,8.758319115
1598617662.382555723,-0.458951220,0.611934960,8.720073180,-0.481898781,0.351862602,8.743020741
1598617662.384501457,-1.070886180,0.305967480,8.873056920,-0.458951220,0.374810163,8.743020741
1598617662.386418581,-0.917902440,0.000000000,8.720073180,-0.520144716,0.367160976,8.750669928
1598617662.388369560,-0.152983740,0.458951220,8.720073180,-0.573689025,0.336564228,8.743020741
1598617662.390322685,-0.152983740,0.305967480,8.873056920,-0.550741464,0.305967480,8.735371554
1598617662.392276764,-0.458951220,0.764918700,9.026040660,-0.489547968,0.321265854,8.743020741
1598617662.394231558,-1.070886180,0.305967480,8.720073180,-0.489547968,0.351862602,8.750669928
1598617662.396187544,-0.611934960,0.458951220,8.720073180,-0.550741464,0.351862602,8.743020741
1598617662.398216724,0.000000000,0.152983740,8.873056920,-0.566039838,0.328915041,8.735371554
1598617662.400168657,-0.458951220,0.458951220,8.720073180,-0.504846342,0.328915041,8.743020741
1598617662.402087688,-0.917902440,0.611934960,8.873056920,-0.481898781,0.351862602,8.743020741
1598617662.403987646,-0.917902440,0.152983740,8.567089440,-0.520144716,0.367160976,8.750669928
1598617662.405927658,-0.458951220,0.458951220,8.567089440,-0.550741464,0.344213415,8.735371554
1598617662.407956362,-0.458951220,0.152983740,8.720073180,-0.558390651,0.336564228,8.735371554
1598617662.409918785,-0.764918700,0.764918700,8.720073180,-0.535443090,0.351862602,8.735371554
1598617662.411858797,-1.070886180,0.000000000,8.720073180,-0.543092277,0.382459350,8.743020741
1598617662.413789749,-0.458951220,0.611934960,8.873056920,-0.596636586,0.367160976,8.743020741
1598617662.415736675,-0.305967480,0.152983740,8.873056920,-0.588987399,0.367160976,8.743020741
1598617662.417678595,-0.458951220,0.611934960,8.873056920,-0.573689025,0.367160976,8.758319115
1598617662.419707537,-0.458951220,0.458951220,8.873056920,-0.558390651,0.382459350,8.765968302
1598617662.421625614,-1.070886180,0.152983740,8.720073180,-0.581338212,0.390108537,8.781266676
1598617662.423570633,-0.305967480,0.305967480,8.720073180,-0.611934960,0.367160976,8.781266676
1598617662.425517559,-0.305967480,0.000000000,8.567089440,-0.573689025,0.367160976,8.773617489
1598617662.427462578,-0.305967480,0.764918700,8.873056920,-0.543092277,0.367160976,8.765968302
1598617662.429529667,-1.223869920,0.152983740,8.720073180,-0.550741464,0.382459350,8.773617489
1598617662.431468487,-0.611934960,0.458951220,8.567089440,-0.604285773,0.374810163,8.765968302
1598617662.433406353,-0.305967480,0.152983740,8.720073180,-0.611934960,0.359511789,8.743020741
1598617662.435310602,-0.305967480,0.305967480,8.567089440,-0.573689025,0.351862602,8.743020741
1598617662.437203407,-0.917902440,0.611934960,8.873056920,-0.558390651,0.344213415,8.735371554
1598617662.439264536,-0.764918700,0.458951220,8.720073180,-0.604285773,0.367160976,8.735371554
1598617662.441213608,-0.458951220,0.305967480,8.567089440,-0.619584147,0.367160976,8.735371554
1598617662.443162680,-0.305967480,0.152983740,8.873056920,-0.596636586,0.351862602,8.720073180
1598617662.445109606,-0.611934960,0.764918700,8.873056920,-0.566039838,0.351862602,8.735371554
1598617662.447062492,-1.070886180,0.152983740,8.720073180,-0.573689025,0.367160976,8.750669928
1598617662.449132442,-0.305967480,0.611934960,8.720073180,-0.604285773,0.367160976,8.750669928
1598617662.451077700,-0.305967480,0.000000000,8.567089440,-0.581338212,0.359511789,8.750669928
1598617662.452992439,-0.458951220,0.458951220,8.873056920,-0.543092277,0.359511789,8.743020741
1598617662.454924583,-0.764918700,0.458951220,8.873056920,-0.543092277,0.351862602,8.743020741
1598617662.456890583,-0.611934960,0.152983740,8.567089440,-0.566039838,0.367160976,8.743020741
1598617662.458969593,-0.305967480,0.152983740,8.567089440,-0.573689025,0.344213415,8.727722367
1598617662.460928440,-0.611934960,0.152983740,8.873056920,-0.566039838,0.328915041,8.712423993
1598617662.462886572,-0.458951220,0.764918700,8.720073180,-0.543092277,0.328915041,8.720073180
1598617662.464852571,-1.070886180,0.152983740,8.720073180,-0.550741464,0.351862602,8.720073180
1598617662.466828585,-0.458951220,0.611934960,8.567089440,-0.588987399,0.359511789,8.727722367
1598617662.468885422,-0.458951220,0.000000000,8.567089440,-0.596636586,0.351862602,8.712423993
1598617662.470791340,-0.458951220,0.458951220,8.873056920,-0.558390651,0.344213415,8.704774806
1598617662.472732306,-0.917902440,0.611934960,8.720073180,-0.550741464,0.344213415,8.720073180
1598617662.474666595,-0.764918700,0.305967480,8.567089440,-0.581338212,0.367160976,8.720073180
1598617662.476609468,-0.611934960,0.305967480,8.567089440,-0.604285773,0.367160976,8.720073180
1598617662.478921413,-0.305967480,0.305967480,8.567089440,-0.588987399,0.351862602,8.704774806
1598617662.480881453,-0.611934960,0.611934960,9.026040660,-0.566039838,0.344213415,8.697125619
1598617662.482829571,-0.917902440,0.305967480,8.720073180,-0.573689025,0.359511789,8.720073180
1598617662.484772682,-0.764918700,0.305967480,8.873056920,-0.604285773,0.367160976,8.712423993
1598617662.486687422,-0.305967480,0.000000000,8.720073180,-0.611934960,0.344213415,8.712423993
1598617662.488735437,-0.458951220,0.611934960,8.873056920,-0.573689025,0.336564228,8.712423993
1598617662.490692616,-1.070886180,0.611934960,8.567089440,-0.581338212,0.336564228,8.720073180
1598617662.492636442,-0.917902440,0.458951220,8.567089440,-0.619584147,0.367160976,8.720073180
1598617662.494592428,-0.305967480,-0.305967480,8.720073180,-0.642531708,0.367160976,8.704774806
1598617662.496539593,-0.305967480,0.305967480,8.873056920,-0.619584147,0.328915041,8.697125619
1598617662.498601437,-0.611934960,0.764918700,8.873056920,-0.604285773,0.336564228,8.712423993
1598617662.500550508,-0.917902440,0.458951220,8.567089440,-0.619584147,0.367160976,8.727722367
1598617662.502460480,-0.611934960,0.152983740,8.720073180,-0.634882521,0.382459350,8.712423993
1598617662.504370451,-0.458951220,0.152983740,8.720073180,-0.642531708,0.351862602,8.712423993
1598617662.506332397,-0.458951220,0.764918700,8.873056920,-0.611934960,0.351862602,8.712423993
1598617662.508309603,-1.070886180,0.611934960,8.720073180,-0.611934960,0.359511789,8.727722367
1598617662.510261536,-0.764918700,0.305967480,8.567089440,-0.642531708,0.390108537,8.735371554
1598617662.512208462,-0.764918700,0.000000000,8.567089440,-0.657830082,0.382459350,8.720073180
1598617662.514166594,-0.152983740,0.152983740,8.873056920,-0.650180895,0.351862602,8.712423993
1598617662.516116381,-0.917902440,0.764918700,8.720073180,-0.619584147,0.344213415,8.727722367
1598617662.518139362,-1.070886180,0.458951220,8.567089440,-0.634882521,0.367160976,8.735371554
1598617662.520050526,-0.917902440,0.152983740,8.720073180,-0.673128456,0.374810163,8.735371554
1598617662.521977663,-0.305967480,0.000000000,8.873056920,-0.688426830,0.351862602,8.720073180
1598617662.523934364,-0.458951220,0.764918700,8.873056920,-0.657830082,0.336564228,8.727722367
1598617662.525887489,-0.764918700,0.611934960,8.873056920,-0.642531708,0.359511789,8.727722367
1598617662.528060436,-0.917902440,0.152983740,8.567089440,-0.665479269,0.390108537,8.735371554
1598617662.530052662,-0.152983740,-0.152983740,8.720073180,-0.688426830,0.367160976,8.720073180
1598617662.532004595,0.000000000,0.458951220,8.873056920,-0.642531708,0.328915041,8.727722367
1598617662.533966541,-0.917902440,0.611934960,8.873056920,-0.596636586,0.328915041,8.743020741
1598617662.535928488,-1.070886180,0.458951220,8.567089440,-0.627233334,0.374810163,8.750669928
1598617662.537947416,-0.458951220,-0.152983740,8.720073180,-0.665479269,0.382459350,8.735371554
1598617662.539921522,-0.152983740,0.305967480,8.873056920,-0.657830082,0.336564228,8.727722367
1598617662.541872501,-0.458951220,0.917902440,8.873056920,-0.619584147,0.328915041,8.743020741
1598617662.543830633,-0.917902440,0.458951220,8.567089440,-0.611934960,0.367160976,8.750669928
1598617662.546218395,-0.764918700,-0.152983740,8.720073180,-0.634882521,0.382459350,8.743020741
1598617662.548729658,-0.764918700,0.152983740,8.873056920,-0.650180895,0.336564228,8.735371554
1598617662.550693274,-0.305967480,0.764918700,8.720073180,-0.634882521,0.313616667,8.743020741
1598617662.552599669,-1.070886180,0.611934960,8.720073180,-0.611934960,0.336564228,8.750669928
1598617662.554504395,-0.917902440,0.152983740,8.414105700,-0.627233334,0.367160976,8.758319115
1598617662.556438446,-0.305967480,-0.152983740,8.873056920,-0.665479269,0.367160976,8.735371554
1598617662.558500290,-0.305967480,0.764918700,9.026040660,-0.634882521,0.321265854,8.743020741
1598617662.560443401,-0.305967480,0.764918700,8.720073180,-0.596636586,0.336564228,8.765968302
1598617662.562375307,-1.223869920,0.458951220,8.414105700,-0.566039838,0.367160976,8.765968302
1598617662.564308405,-0.458951220,-0.152983740,8.567089440,-0.611934960,0.390108537,8.743020741
1598617662.566236496,-0.152983740,0.305967480,8.873056920,-0.611934960,0.344213415,8.727722367
1598617662.568333626,-0.458951220,0.917902440,8.873056920,-0.581338212,0.328915041,8.727722367
1598617662.570250511,-1.070886180,0.458951220,8.567089440,-0.558390651,0.367160976,8.743020741
1598617662.572182417,-1.070886180,0.000000000,8.720073180,-0.604285773,0.397757724,8.735371554
1598617662.574120522,-0.152983740,0.000000000,8.873056920,-0.657830082,0.374810163,8.727722367
1598617662.576069355,-0.152983740,0.764918700,8.873056920,-0.619584147,0.344213415,8.727722367
1598617662.578191280,-1.070886180,0.611934960,8.720073180,-0.573689025,0.359511789,8.743020741
1598617662.580131292,-1.223869920,0.152983740,8.567089440,-0.604285773,0.397757724,8.743020741
1598617662.582103491,-0.458951220,-0.305967480,8.720073180,-0.657830082,0.390108537,8.727722367
1598617662.584107637,0.000000000,0.611934960,9.179024400,-0.657830082,0.328915041,8.720073180
1598617662.586011410,-0.458951220,0.917902440,8.720073180,-0.611934960,0.336564228,8.750669928
1598617662.588191509,-0.917902440,0.611934960,8.720073180,-0.596636586,0.390108537,8.750669928
1598617662.590179443,-0.611934960,-0.152983740,8.567089440,-0.604285773,0.413056098,8.743020741
1598617662.592124462,-0.152983740,-0.152983740,9.026040660,-0.619584147,0.367160976,8.735371554
1598617662.594073296,-0.305967480,1.223869920,8.873056920,-0.573689025,0.328915041,8.750669928
1598617662.596030474,-1.223869920,0.305967480,8.567089440,-0.543092277,0.382459350,8.773617489
1598617662.598080397,-1.223869920,0.152983740,8.720073180,-0.588987399,0.405406911,8.758319115
1598617662.600044489,-0.152983740,-0.152983740,9.026040660,-0.634882521,0.374810163,8.743020741
1598617662.601961374,0.000000000,0.611934960,8.720073180,-0.627233334,0.328915041,8.758319115
1598617662.603871584,-0.611934960,0.917902440,8.873056920,-0.566039838,0.336564228,8.773617489
1598617662.605809450,-1.223869920,0.305967480,8.567089440,-0.573689025,0.390108537,8.788915863
1598617662.607768297,-0.458951220,-0.152983740,8.720073180,-0.627233334,0.390108537,8.773617489
1598617662.609827280,0.152983740,0.000000000,8.873056920,-0.627233334,0.336564228,8.765968302
1598617662.611776590,-0.305967480,1.223869920,8.873056920,-0.566039838,0.313616667,8.781266676
1598617662.613728523,-1.223869920,0.458951220,8.414105700,-0.527793903,0.374810163,8.788915863
1598617662.615683317,-1.376853660,0.152983740,8.567089440,-0.581338212,0.397757724,8.765968302
1598617662.617635250,0.000000000,-0.152983740,8.720073180,-0.642531708,0.367160976,8.750669928
1598617662.619660616,0.000000000,0.917902440,8.720073180,-0.588987399,0.328915041,8.750669928
1598617662.621593237,-0.611934960,0.917902440,8.567089440,-0.527793903,0.367160976,8.758319115
1598617662.623551607,-1.529837400,0.305967480,8.414105700,-0.535443090,0.428354472,8.750669928
1598617662.625514507,-0.611934960,-0.305967480,8.720073180,-0.611934960,0.413056098,8.712423993
1598617662.627523422,0.152983740,0.611934960,9.026040660,-0.619584147,0.351862602,8.712423993
1598617662.629641533,-0.764918700,1.223869920,8.873056920,-0.566039838,0.351862602,8.727722367
1598617662.631595612,-1.376853660,0.305967480,8.720073180,-0.573689025,0.420705285,8.743020741
1598617662.633539438,-0.764918700,-0.152983740,8.720073180,-0.634882521,0.443652846,8.727722367
1598617662.635458231,-0.764918700,0.000000000,8.873056920,-0.657830082,0.374810163,8.720073180
1598617662.637358427,-0.152983740,1.223869920,8.720073180,-0.634882521,0.359511789,8.735371554
1598617662.639603376,-1.223869920,0.458951220,8.567089440,-0.581338212,0.413056098,8.735371554
1598617662.641554356,-1.223869920,-0.152983740,8.414105700,-0.634882521,0.443652846,8.712423993
1598617662.643501282,-1.223869920,-0.305967480,8.720073180,-0.696076017,0.405406911,8.697125619
1598617662.645448446,0.152983740,0.764918700,8.873056920,-0.726672765,0.344213415,8.689476432
1598617662.647395372,-0.458951220,1.223869920,8.873056920,-0.657830082,0.367160976,8.704774806
1598617662.649464369,-1.529837400,0.152983740,8.414105700,-0.657830082,0.436003659,8.712423993
1598617662.651408434,-0.611934960,-0.305967480,8.720073180,-0.741971139,0.443652846,8.689476432
1598617662.653318405,0.152983740,0.152983740,9.026040660,-0.757269513,0.367160976,8.681827245
1598617662.655242443,-0.305967480,1.223869920,8.873056920,-0.688426830,0.351862602,8.712423993
1598617662.657187223,-1.223869920,0.611934960,8.414105700,-0.634882521,0.405406911,8.727722367
1598617662.659248352,-1.376853660,0.000000000,8.567089440,-0.696076017,0.443652846,8.712423993
1598617662.661199331,0.152983740,-0.305967480,8.720073180,-0.764918700,0.397757724,8.704774806
1598617662.663150311,0.152983740,1.070886180,8.873056920,-0.726672765,0.336564228,8.712423993
1598617662.665095329,-1.223869920,1.070886180,8.720073180,-0.642531708,0.374810163,8.735371554
1598617662.667086363,-1.682821140,0.000000000,8.567089440,-0.673128456,0.443652846,8.735371554
1598617662.669137478,-0.764918700,-0.305967480,8.414105700,-0.764918700,0.413056098,8.712423993
1598617662.671044350,0.305967480,0.764918700,9.026040660,-0.764918700,0.336564228,8.689476432
1598617662.673023462,0.305967480,1.223869920,8.567089440,-0.680777643,0.359511789,8.704774806
1598617662.674987316,-1.529837400,0.305967480,8.567089440,-0.627233334,0.428354472,8.697125619
1598617662.676997423,-0.917902440,-0.152983740,8.567089440,-0.665479269,0.443652846,8.681827245
1598617662.679059505,0.000000000,0.152983740,8.873056920,-0.703725204,0.374810163,8.674178058
1598617662.681080341,0.000000000,1.376853660,8.720073180,-0.642531708,0.359511789,8.689476432
1598617662.683038473,-1.376853660,0.611934960,8.567089440,-0.581338212,0.436003659,8.704774806
1598617662.684978485,-1.529837400,0.000000000,8.567089440,-0.588987399,0.481898781,8.697125619
1598617662.686896324,-0.152983740,-0.458951220,8.720073180,-0.673128456,0.443652846,8.681827245
1598617662.688942432,0.152983740,0.917902440,8.873056920,-0.657830082,0.359511789,8.674178058
1598617662.690887451,-0.917902440,1.070886180,8.414105700,-0.573689025,0.397757724,8.697125619
1598617662.692849398,-1.835804880,0.000000000,8.414105700,-0.588987399,0.466600407,8.681827245
1598617662.694806337,-0.611934960,-0.152983740,8.414105700,-0.688426830,0.458951220,8.651230497
1598617662.696761370,0.305967480,0.000000000,8.873056920,-0.703725204,0.390108537,8.628282936
1598617662.698846579,-0.458951220,1.529837400,8.567089440,-0.627233334,0.359511789,8.651230497
1598617662.700813293,-1.529837400,0.305967480,8.414105700,-0.581338212,0.436003659,8.651230497
1598617662.702738523,-1.376853660,0.000000000,8.873056920,-0.665479269,0.466600407,8.635932123
1598617662.704653263,0.000000000,-0.152983740,8.873056920,-0.741971139,0.413056098,8.635932123
1598617662.706614256,0.305967480,0.764918700,8.873056920,-0.680777643,0.351862602,8.643581310
1598617662.708694220,-1.070886180,0.917902440,8.720073180,-0.581338212,0.390108537,8.658879684
1598617662.710650444,-1.529837400,0.000000000,8.567089440,-0.596636586,0.451302033,8.674178058
1598617662.712619305,-0.458951220,-0.152983740,8.567089440,-0.688426830,0.413056098,8.651230497
1598617662.714580297,0.152983740,0.152983740,8.873056920,-0.726672765,0.344213415,8.651230497
1598617662.716544151,-0.764918700,1.376853660,8.720073180,-0.642531708,0.336564228,8.666528871
1598617662.720674276,-0.764918700,0.000000000,8.414105700,-0.634882521,0.413056098,8.674178058
1598617662.722634315,0.305967480,-0.152983740,8.873056920,-0.673128456,0.405406911,8.651230497
1598617662.724585295,-0.152983740,1.376853660,8.720073180,-0.657830082,0.328915041,8.658879684
1598617662.726545334,-1.682821140,0.458951220,8.567089440,-0.596636586,0.367160976,8.666528871
1598617662.728611231,-1.376853660,-0.152983740,8.414105700,-0.604285773,0.390108537,8.666528871
1598617662.730564356,-0.152983740,-0.152983740,8.873056920,-0.665479269,0.405406911,8.651230497
1598617662.732504368,0.305967480,0.611934960,8.873056920,-0.680777643,0.351862602,8.651230497
1598617662.734443188,-1.070886180,1.070886180,8.720073180,-0.619584147,0.328915041,8.674178058
1598617662.736349344,-1.529837400,0.000000000,8.567089440,-0.581338212,0.382459350,8.689476432
1598617662.738329411,-0.611934960,-0.152983740,8.567089440,-0.627233334,0.390108537,8.697125619
1598617662.740273476,0.305967480,0.000000000,8.873056920,-0.673128456,0.382459350,8.681827245
1598617662.742216110,-0.152983740,1.376853660,8.720073180,-0.634882521,0.305967480,8.697125619
1598617662.744162321,-1.376853660,0.611934960,8.567089440,-0.566039838,0.359511789,8.712423993
1598617662.746120214,-0.917902440,-0.152983740,8.720073180,-0.566039838,0.390108537,8.697125619
1598617662.748154402,0.000000000,-0.152983740,8.873056920,-0.611934960,0.390108537,8.689476432
1598617662.750093222,0.152983740,0.764918700,8.873056920,-0.627233334,0.344213415,8.689476432
1598617662.752014399,-0.764918700,1.223869920,8.873056920,-0.566039838,0.336564228,8.697125619
1598617662.753923416,-1.682821140,0.000000000,8.567089440,-0.527793903,0.397757724,8.712423993
1598617662.755859137,-0.611934960,-0.152983740,8.567089440,-0.588987399,0.405406911,8.712423993
1598617662.757806301,0.305967480,0.305967480,8.873056920,-0.627233334,0.390108537,8.697125619
1598617662.759849310,-0.305967480,1.529837400,8.567089440,-0.573689025,0.336564228,8.704774806
1598617662.761777401,-1.682821140,0.305967480,8.720073180,-0.550741464,0.413056098,8.712423993
1598617662.763706446,-1.223869920,-0.152983740,8.720073180,-0.650180895,0.436003659,8.704774806
1598617662.765643358,-0.152983740,-0.152983740,8.873056920,-0.703725204,0.359511789,8.704774806
1598617662.767571211,0.305967480,1.223869920,9.026040660,-0.627233334,0.328915041,8.720073180
1598617662.769753456,0.305967480,0.764918700,8.414105700,-0.543092277,0.397757724,8.750669928
1598617662.771677256,-1.529837400,0.000000000,8.567089440,-0.520144716,0.443652846,8.727722367
1598617662.773641109,-0.305967480,-0.305967480,8.873056920,-0.611934960,0.413056098,8.712423993
1598617662.775596380,0.152983740,0.611934960,8.720073180,-0.573689025,0.344213415,8.720073180
1598617662.777551413,0.152983740,1.223869920,8.873056920,-0.489547968,0.374810163,8.727722367
1598617662.779626131,-1.529837400,0.000000000,8.414105700,-0.451302033,0.443652846,8.743020741
1598617662.781583309,-0.764918700,-0.152983740,8.720073180,-0.543092277,0.443652846,8.720073180
1598617662.783539295,0.152983740,0.000000000,9.179024400,-0.573689025,0.367160976,8.720073180
1598617662.785471201,-0.152983740,1.529837400,8.720073180,-0.497197155,0.336564228,8.750669928
1598617662.787396431,-1.529837400,0.458951220,8.567089440,-0.458951220,0.420705285,8.750669928
1598617662.789469242,-1.682821140,-0.152983740,8.720073180,-0.535443090,0.451302033,8.735371554
1598617662.791437387,-0.458951220,-0.152983740,8.720073180,-0.627233334,0.405406911,8.727722367
1598617662.793402433,0.152983740,0.458951220,8.873056920,-0.611934960,0.336564228,8.720073180
1598617662.795364380,-1.070886180,1.070886180,8.720073180,-0.520144716,0.359511789,8.735371554
1598617662.797328472,-1.682821140,0.000000000,8.567089440,-0.543092277,0.420705285,8.743020741
1598617662.799406290,-0.611934960,0.000000000,8.567089440,-0.642531708,0.405406911,8.727722367
1598617662.801357269,0.458951220,0.000000000,9.026040660,-0.657830082,0.328915041,8.727722367
1598617662.803276300,-0.458951220,1.376853660,8.720073180,-0.550741464,0.313616667,8.743020741
1598617662.805209398,-1.682821140,0.152983740,8.720073180,-0.512495529,0.390108537,8.743020741
1598617662.807221174,-1.223869920,-0.152983740,8.720073180,-0.588987399,0.405406911,8.735371554
1598617662.809296370,0.152983740,0.000000000,8.873056920,-0.665479269,0.336564228,8.720073180
1598617662.811254263,0.000000000,1.223869920,8.873056920,-0.673128456,0.298318293,8.743020741
1598617662.813213110,0.000000000,0.764918700,8.873056920,-0.596636586,0.359511789,8.758319115
1598617662.815168142,-1.835804880,-0.152983740,8.567089440,-0.581338212,0.413056098,8.758319115
1598617662.817128181,-0.305967480,0.000000000,8.873056920,-0.680777643,0.374810163,8.750669928
1598617662.819160223,0.305967480,0.458951220,8.873056920,-0.703725204,0.313616667,8.750669928
1598617662.821063280,-0.917902440,1.223869920,8.873056920,-0.611934960,0.336564228,8.773617489
1598617662.823004246,-0.917902440,0.000000000,8.261121960,-0.619584147,0.405406911,8.781266676
1598617662.824953318,-0.764918700,-0.152983740,8.567089440,-0.673128456,0.405406911,8.735371554
1598617662.826903343,0.152983740,0.000000000,8.720073180,-0.703725204,0.321265854,8.727722367
1598617662.828970194,0.000000000,1.070886180,8.873056920,-0.619584147,0.298318293,8.735371554
1598617662.830918074,-1.529837400,0.917902440,8.873056920,-0.535443090,0.359511789,8.743020741
1598617662.832871199,-1.529837400,-0.152983740,8.567089440,-0.588987399,0.413056098,8.750669928
1598617662.834811211,-0.152983740,-0.152983740,8.873056920,-0.673128456,0.382459350,8.735371554
1598617662.836721182,0.305967480,0.764918700,8.873056920,-0.627233334,0.321265854,8.743020741
1598617662.838756323,-0.764918700,1.223869920,8.567089440,-0.527793903,0.359511789,8.758319115
1598617662.840713263,-1.529837400,0.152983740,8.720073180,-0.535443090,0.420705285,8.758319115
1598617662.842666149,-0.458951220,0.000000000,8.720073180,-0.634882521,0.428354472,8.743020741
1598617662.844609261,0.152983740,0.305967480,9.026040660,-0.634882521,0.359511789,8.743020741
1598617662.846563339,-0.152983740,1.070886180,8.873056920,-0.543092277,0.367160976,8.758319115
1598617662.848635197,-1.376853660,0.611934960,8.873056920,-0.489547968,0.428354472,8.765968302
1598617662.850584269,-0.917902440,-0.152983740,8.720073180,-0.566039838,0.458951220,8.765968302
1598617662.853043318,0.152983740,0.305967480,8.873056920,-0.611934960,0.390108537,8.758319115
1598617662.856698036,0.152983740,0.917902440,8.720073180,-0.604285773,0.367160976,8.758319115
1598617662.858767033,-1.223869920,-0.152983740,8.414105700,-0.504846342,0.420705285,8.765968302
1598617662.860717297,-0.305967480,0.152983740,9.026040660,-0.550741464,0.413056098,8.743020741
1598617662.862652063,0.152983740,0.458951220,8.720073180,-0.581338212,0.397757724,8.750669928
1598617662.864598274,-0.305967480,1.070886180,8.873056920,-0.527793903,0.359511789,8.743020741
1598617662.866541386,-1.529837400,0.152983740,8.720073180,-0.497197155,0.413056098,8.773617489
1598617662.868673325,-0.611934960,0.000000000,8.567089440,-0.535443090,0.428354472,8.781266676
1598617662.870627403,0.000000000,0.152983740,8.873056920,-0.573689025,0.428354472,8.773617489
1598617662.872575283,0.000000000,0.764918700,8.720073180,-0.573689025,0.382459350,8.773617489
1598617662.874536276,-1.070886180,0.917902440,8.873056920,-0.497197155,0.374810163,8.765968302
1598617662.876502275,-1.070886180,-0.152983740,8.414105700,-0.474249594,0.428354472,8.781266676
1598617662.878563166,-0.305967480,0.000000000,8.720073180,-0.520144716,0.428354472,8.758319115
1598617662.880515099,-0.152983740,0.917902440,8.720073180,-0.550741464,0.390108537,8.750669928
1598617662.882446051,-0.917902440,0.917902440,8.720073180,-0.520144716,0.374810163,8.758319115
1598617662.884384155,-1.223869920,0.152983740,8.720073180,-0.489547968,0.413056098,8.758319115
1598617662.886285305,-0.458951220,0.305967480,8.720073180,-0.527793903,0.420705285,8.758319115
1598617662.888472080,0.305967480,0.152983740,9.026040660,-0.558390651,0.420705285,8.743020741
1598617662.890441179,-0.305967480,1.070886180,8.720073180,-0.535443090,0.374810163,8.750669928
1598617662.892395258,-1.223869920,0.305967480,8.873056920,-0.481898781,0.397757724,8.743020741
1598617662.894345284,-0.764918700,0.000000000,8.567089440,-0.497197155,0.420705285,8.750669928
1598617662.896298170,0.000000000,0.152983740,8.873056920,-0.543092277,0.405406911,8.735371554
1598617662.898324251,-0.152983740,0.764918700,8.873056920,-0.550741464,0.367160976,8.743020741
1598617662.900286198,-0.764918700,0.764918700,8.567089440,-0.497197155,0.413056098,8.765968302
1598617662.902212143,-1.529837400,0.000000000,8.414105700,-0.520144716,0.443652846,8.743020741
1598617662.904168129,0.000000000,0.152983740,8.873056920,-0.604285773,0.420705285,8.727722367
1598617662.906108141,0.000000000,0.152983740,8.720073180,-0.588987399,0.374810163,8.727722367
1598617662.908140182,-0.611934960,1.223869920,8.873056920,-0.512495529,0.374810163,8.727722367
1598617662.910095215,-1.376853660,0.000000000,8.567089440,-0.512495529,0.436003659,8.743020741
1598617662.912043333,-1.070886180,0.000000000,8.873056920,-0.581338212,0.428354472,8.727722367
1598617662.913990259,-0.152983740,0.305967480,8.720073180,-0.634882521,0.390108537,8.735371554
1598617662.915948391,-0.305967480,0.458951220,8.873056920,-0.588987399,0.359511789,8.727722367
1598617662.917984247,-1.376853660,0.611934960,8.720073180,-0.550741464,0.390108537,8.750669928
1598617662.919910192,-1.223869920,-0.152983740,8.873056920,-0.604285773,0.420705285,8.750669928
1598617662.921834230,-0.305967480,0.305967480,8.720073180,-0.657830082,0.367160976,8.758319115
1598617662.923780203,-0.152983740,0.458951220,8.873056920,-0.627233334,0.336564228,8.758319115
1598617662.925736189,-0.152983740,0.764918700,8.720073180,-0.573689025,0.351862602,8.765968302
1598617662.927686214,-1.376853660,0.000000000,8.720073180,-0.558390651,0.374810163,8.765968302
1598617662.929751158,-0.764918700,0.305967480,8.720073180,-0.642531708,0.367160976,8.750669928
1598617662.931692123,0.000000000,0.152983740,8.720073180,-0.665479269,0.328915041,8.750669928
1598617662.933640242,-0.305967480,0.764918700,8.720073180,-0.604285773,0.321265854,8.743020741
1598617662.935577154,-0.305967480,0.611934960,8.720073180,-0.581338212,0.359511789,8.750669928
1598617662.937489271,-1.070886180,0.152983740,8.720073180,-0.596636586,0.382459350,8.743020741
1598617662.939560175,-0.152983740,0.152983740,8.567089440,-0.642531708,0.351862602,8.735371554
1598617662.941518068,-0.152983740,0.305967480,8.567089440,-0.611934960,0.321265854,8.735371554
1598617662.943472147,-0.917902440,0.764918700,8.720073180,-0.543092277,0.336564228,8.743020741
1598617662.945431948,-0.917902440,0.000000000,8.567089440,-0.588987399,0.367160976,8.735371554
1598617662.947400093,-0.611934960,0.305967480,8.720073180,-0.634882521,0.359511789,8.727722367
1598617662.949474096,-0.152983740,0.305967480,8.720073180,-0.634882521,0.313616667,8.720073180
1598617662.951428175,-0.305967480,0.458951220,8.720073180,-0.573689025,0.328915041,8.727722367
1598617662.953345060,-1.376853660,0.152983740,8.720073180,-0.535443090,0.351862602,8.720073180
1598617662.955276966,-0.917902440,0.000000000,8.720073180,-0.596636586,0.344213415,8.720073180
1598617662.957650185,-0.152983740,0.305967480,8.873056920,-0.627233334,0.321265854,8.712423993
1598617662.959733248,-0.305967480,0.458951220,8.720073180,-0.566039838,0.305967480,8.720073180
1598617662.961680174,-1.070886180,0.611934960,8.873056920,-0.520144716,0.336564228,8.712423993
1598617662.963643074,-0.917902440,0.000000000,8.567089440,-0.558390651,0.351862602,8.720073180
1598617662.965607166,-0.305967480,0.458951220,8.873056920,-0.596636586,0.328915041,8.704774806
1598617662.967559099,-0.305967480,0.305967480,8.720073180,-0.604285773,0.313616667,8.712423993
1598617662.969589233,-0.611934960,0.764918700,8.873056920,-0.550741464,0.328915041,8.712423993
1598617662.971514225,-1.070886180,0.458951220,8.720073180,-0.543092277,0.351862602,8.720073180
1598617662.973445177,-0.764918700,0.305967480,8.720073180,-0.596636586,0.367160976,8.720073180
1598617662.975378275,0.000000000,0.305967480,8.567089440,-0.619584147,0.344213415,8.720073180
1598617662.977313042,-0.458951220,0.458951220,8.720073180,-0.604285773,0.328915041,8.712423993
1598617662.979517221,-1.223869920,0.611934960,8.720073180,-0.573689025,0.344213415,8.712423993
1598617662.981467247,-0.764918700,0.152983740,9.026040660,-0.627233334,0.367160976,8.720073180
1598617662.983413935,-0.458951220,0.611934960,8.873056920,-0.657830082,0.359511789,8.743020741
1598617662.985347986,-0.458951220,0.305967480,8.720073180,-0.634882521,0.351862602,8.750669928
1598617662.987256050,-0.764918700,0.764918700,8.720073180,-0.611934960,0.367160976,8.758319115
1598617662.989295006,-1.223869920,0.000000000,8.873056920,-0.619584147,0.390108537,8.758319115
1598617662.991245031,-0.764918700,0.458951220,8.720073180,-0.673128456,0.374810163,8.765968302
1598617662.993192196,-0.152983740,0.305967480,8.720073180,-0.696076017,0.374810163,8.765968302
1598617662.995146036,-0.305967480,0.611934960,8.873056920,-0.634882521,0.382459350,8.765968302
1598617662.997095108,-0.917902440,0.458951220,8.873056920,-0.604285773,0.413056098,8.773617489
1598617662.999152184,-0.764918700,0.458951220,8.873056920,-0.642531708,0.420705285,8.773617489
1598617663.001101971,-0.305967480,0.305967480,8.414105700,-0.665479269,0.420705285,8.781266676
1598617663.003006935,-0.305967480,0.152983740,8.414105700,-0.627233334,0.405406911,8.758319115
1598617663.004919052,-0.917902440,0.764918700,8.873056920,-0.596636586,0.413056098,8.750669928
1598617663.006864071,-0.917902440,0.305967480,8.720073180,-0.627233334,0.428354472,8.750669928
1598617663.008928061,-0.611934960,0.305967480,8.720073180,-0.657830082,0.428354472,8.750669928
1598617663.010889053,-0.152983740,0.152983740,8.720073180,-0.657830082,0.405406911,8.743020741
1598617663.012840986,-0.305967480,0.611934960,8.873056920,-0.611934960,0.390108537,8.743020741
1598617663.014796972,-1.070886180,0.305967480,8.567089440,-0.588987399,0.405406911,8.750669928
1598617663.016749144,-1.070886180,0.458951220,8.720073180,-0.642531708,0.405406911,8.750669928
1598617663.018783092,-0.305967480,0.305967480,8.567089440,-0.673128456,0.405406911,8.750669928
1598617663.020703077,-0.458951220,0.152983740,8.720073180,-0.627233334,0.390108537,8.743020741
1598617663.022634983,-0.611934960,0.611934960,8.873056920,-0.611934960,0.390108537,8.727722367
1598617663.024596930,-0.917902440,0.305967480,8.720073180,-0.619584147,0.390108537,8.727722367
1598617663.026560068,-0.458951220,0.305967480,8.567089440,-0.642531708,0.390108537,8.727722367
1598617663.028614044,-0.152983740,0.000000000,8.873056920,-0.627233334,0.367160976,8.720073180
1598617663.030575037,-0.458951220,0.611934960,8.873056920,-0.573689025,0.367160976,8.720073180
1598617663.032536030,-0.917902440,0.458951220,8.873056920,-0.558390651,0.374810163,8.727722367
1598617663.034499168,-0.611934960,0.458951220,8.567089440,-0.596636586,0.382459350,8.735371554
1598617663.036423206,-0.458951220,0.000000000,8.567089440,-0.611934960,0.374810163,8.720073180
1598617663.038365841,-0.458951220,0.305967480,8.873056920,-0.588987399,0.351862602,8.704774806
1598617663.040324211,-0.611934960,0.611934960,8.720073180,-0.573689025,0.344213415,8.704774806
1598617663.042279243,-1.070886180,0.152983740,8.414105700,-0.588987399,0.359511789,8.720073180
1598617663.044235945,-0.611934960,0.611934960,8.720073180,-0.627233334,0.359511789,8.720073180
1598617663.046200037,-0.458951220,-0.152983740,8.567089440,-0.611934960,0.351862602,8.712423993
1598617663.048237085,-0.458951220,0.611934960,8.873056920,-0.588987399,0.328915041,8.704774806
1598617663.050199986,-0.764918700,0.458951220,8.720073180,-0.581338212,0.344213415,8.712423993
1598617663.052142143,-0.917902440,0.305967480,8.873056920,-0.611934960,0.359511789,8.712423993
1598617663.054055929,-0.764918700,0.000000000,8.567089440,-0.642531708,0.344213415,8.712423993
1598617663.055988073,-0.611934960,0.305967480,8.873056920,-0.627233334,0.328915041,8.712423993
1598617663.058044910,-0.611934960,0.458951220,8.720073180,-0.604285773,0.321265854,8.720073180
1598617663.060017109,-0.764918700,0.305967480,8.720073180,-0.619584147,0.328915041,8.727722367
1598617663.061975002,-0.764918700,0.305967480,8.567089440,-0.634882521,0.336564228,8.727722367
1598617663.063928127,-0.305967480,-0.152983740,8.720073180,-0.642531708,0.321265854,8.712423993
1598617663.065884829,-0.458951220,0.611934960,8.720073180,-0.611934960,0.298318293,8.712423993
1598617663.067925930,-1.070886180,0.458951220,8.720073180,-0.611934960,0.313616667,8.720073180
1598617663.069843054,-1.070886180,0.458951220,8.720073180,-0.657830082,0.336564228,8.712423993
1598617663.071772814,-0.458951220,0.000000000,8.567089440,-0.688426830,0.328915041,8.704774806
1598617663.073716879,-0.458951220,0.305967480,8.873056920,-0.665479269,0.305967480,8.689476432
1598617663.075711966,-0.611934960,0.764918700,8.720073180,-0.657830082,0.298318293,8.704774806
1598617663.077649832,-0.611934960,0.305967480,8.720073180,-0.665479269,0.336564228,8.712423993
1598617663.079739809,-0.611934960,0.305967480,8.567089440,-0.673128456,0.336564228,8.704774806
1598617663.081691980,-0.305967480,-0.152983740,8.720073180,-0.673128456,0.321265854,8.697125619
1598617663.083643198,-0.458951220,0.458951220,9.026040660,-0.634882521,0.305967480,8.712423993
1598617663.085583210,-1.223869920,0.458951220,8.567089440,-0.627233334,0.298318293,8.727722367
1598617663.087497950,-0.917902440,0.305967480,8.720073180,-0.665479269,0.328915041,8.727722367
1598617663.089566946,-0.458951220,-0.152983740,8.414105700,-0.688426830,0.313616667,8.720073180
1598617663.091530085,-0.152983740,0.305967480,8.720073180,-0.673128456,0.283019919,8.704774806
1598617663.093486071,-0.764918700,0.611934960,8.720073180,-0.634882521,0.283019919,8.697125619
1598617663.095446110,-0.917902440,0.458951220,8.720073180,-0.634882521,0.313616667,8.704774806
1598617663.097404957,-0.458951220,0.000000000,8.720073180,-0.650180895,0.321265854,8.697125619
1598617663.099487066,-0.152983740,-0.152983740,9.026040660,-0.642531708,0.298318293,8.697125619
1598617663.101443052,-0.305967480,0.917902440,8.873056920,-0.611934960,0.275370732,8.712423993
1598617663.103397131,-0.764918700,0.611934960,8.720073180,-0.588987399,0.305967480,8.727722367
1598617663.116405964,-0.764918700,-0.152983740,8.720073180,-0.611934960,0.344213415,8.727722367
1598617663.118346930,-0.305967480,0.764918700,8.873056920,-0.627233334,0.305967480,8.727722367
1598617663.120261908,-1.070886180,0.764918700,8.720073180,-0.588987399,0.321265854,8.735371554
1598617663.122193813,-1.376853660,0.305967480,8.567089440,-0.588987399,0.336564228,8.735371554
1598617663.124150991,-0.764918700,0.152983740,8.567089440,-0.634882521,0.351862602,8.735371554
1598617663.126106024,-0.152983740,0.305967480,9.026040660,-0.650180895,0.344213415,8.720073180
1598617663.128157854,-0.152983740,1.070886180,8.720073180,-0.627233334,0.321265854,8.735371554
1598617663.130125046,-1.070886180,0.458951220,8.567089440,-0.604285773,0.359511789,8.735371554
1598617663.132086992,-1.070886180,0.152983740,8.720073180,-0.627233334,0.367160976,8.735371554
1598617663.134040117,0.000000000,-0.152983740,8.873056920,-0.665479269,0.382459350,8.735371554
1598617663.135963917,0.000000000,0.917902440,8.720073180,-0.642531708,0.351862602,8.727722367
1598617663.137956858,0.000000000,0.764918700,8.720073180,-0.581338212,0.374810163,8.735371554
1598617663.139922857,-1.223869920,0.458951220,8.720073180,-0.535443090,0.397757724,8.735371554
1598617663.141876936,-0.458951220,-0.152983740,8.720073180,-0.573689025,0.428354472,8.750669928
1598617663.143801928,0.000000000,0.152983740,9.026040660,-0.588987399,0.405406911,8.750669928
1598617663.145750046,-0.458951220,0.764918700,8.873056920,-0.550741464,0.382459350,8.765968302
1598617663.147695780,-1.223869920,0.611934960,8.567089440,-0.527793903,0.397757724,8.773617489
1598617663.149763107,-0.764918700,-0.152983740,8.567089440,-0.566039838,0.428354472,8.765968302
1598617663.151705027,-0.305967480,-0.152983740,8.873056920,-0.596636586,0.428354472,8.743020741
1598617663.153605938,0.000000000,0.764918700,9.026040660,-0.596636586,0.374810163,8.743020741
1598617663.155525923,-0.917902440,0.764918700,8.720073180,-0.558390651,0.382459350,8.758319115
1598617663.157484055,-1.070886180,0.152983740,8.720073180,-0.566039838,0.428354472,8.758319115
1598617663.159555912,-1.070886180,-0.305967480,8.720073180,-0.604285773,0.397757724,8.750669928
1598617663.161518812,0.152983740,0.458951220,9.179024400,-0.604285773,0.344213415,8.750669928
1598617663.163466930,-0.458951220,1.070886180,8.873056920,-0.527793903,0.351862602,8.781266676
1598617663.165419102,-1.223869920,0.458951220,8.414105700,-0.512495529,0.397757724,8.796565050
1598617663.167364836,-0.764918700,0.000000000,8.567089440,-0.566039838,0.405406911,8.765968302
1598617663.169411898,0.000000000,-0.152983740,8.873056920,-0.596636586,0.351862602,8.758319115
1598617663.171336889,-0.305967480,1.070886180,8.873056920,-0.543092277,0.321265854,8.773617489
1598617663.173298836,-1.070886180,0.764918700,8.720073180,-0.504846342,0.367160976,8.781266676
1598617663.175254107,-1.529837400,0.152983740,8.414105700,-0.558390651,0.413056098,8.773617489
1598617663.177210808,0.000000000,-0.305967480,8.873056920,-0.634882521,0.374810163,8.758319115
1598617663.179262877,0.305967480,0.764918700,8.720073180,-0.634882521,0.321265854,8.765968302
1598617663.181205034,-0.764918700,1.070886180,8.873056920,-0.558390651,0.336564228,8.765968302
1598617663.183135033,-1.376853660,0.305967480,8.567089440,-0.573689025,0.397757724,8.773617489
1598617663.185063839,-0.917902440,0.000000000,8.720073180,-0.642531708,0.405406911,8.750669928
1598617663.186965942,0.000000000,0.152983740,8.873056920,-0.665479269,0.367160976,8.743020741
1598617663.189124823,0.000000000,1.223869920,8.873056920,-0.604285773,0.344213415,8.758319115
1598617663.191084146,-1.529837400,0.611934960,8.567089440,-0.566039838,0.413056098,8.773617489
1598617663.193050861,-1.223869920,0.000000000,8.567089440,-0.627233334,0.451302033,8.758319115
1598617663.195021152,0.152983740,-0.305967480,8.873056920,-0.688426830,0.413056098,8.735371554
1598617663.196981907,0.152983740,1.070886180,8.720073180,-0.634882521,0.359511789,8.743020741
1598617663.199056864,-0.917902440,0.917902440,8.720073180,-0.573689025,0.405406911,8.743020741
1598617663.201004744,-1.529837400,0.152983740,8.414105700,-0.566039838,0.466600407,8.743020741
1598617663.202941895,-0.611934960,-0.305967480,8.567089440,-0.650180895,0.451302033,8.704774806
1598617663.204861879,0.305967480,0.305967480,8.873056920,-0.657830082,0.382459350,8.689476432
1598617663.206830740,-0.611934960,1.223869920,8.873056920,-0.581338212,0.374810163,8.712423993
1598617663.208916903,-1.376853660,0.305967480,8.567089440,-0.573689025,0.436003659,8.727722367
1598617663.210880995,-1.070886180,0.000000000,8.567089440,-0.642531708,0.458951220,8.712423993
1598617663.212845802,0.152983740,0.000000000,9.026040660,-0.680777643,0.405406911,8.697125619
1598617663.214808941,0.152983740,1.223869920,9.026040660,-0.619584147,0.367160976,8.712423993
1598617663.216778994,-0.917902440,0.764918700,8.720073180,-0.535443090,0.420705285,8.743020741
1598617663.218844891,-1.529837400,0.152983740,8.414105700,-0.581338212,0.474249594,8.735371554
1598617663.220762968,-0.458951220,-0.305967480,8.720073180,-0.673128456,0.443652846,8.720073180
1598617663.222694874,0.305967480,0.611934960,8.873056920,-0.657830082,0.374810163,8.712423993
1598617663.224649906,0.305967480,1.376853660,8.720073180,-0.573689025,0.390108537,8.727722367
1598617663.226608992,-1.376853660,0.152983740,8.414105700,-0.512495529,0.458951220,8.727722367
1598617663.228689909,-0.764918700,-0.152983740,8.567089440,-0.581338212,0.458951220,8.704774806
1598617663.230649948,0.152983740,-0.152983740,8.873056920,-0.619584147,0.390108537,8.689476432
1598617663.232599735,-0.305967480,1.223869920,8.873056920,-0.535443090,0.351862602,8.704774806
1598617663.234545946,-1.376853660,0.611934960,8.567089440,-0.489547968,0.413056098,8.720073180
1598617663.236477852,-1.529837400,-0.152983740,8.567089440,-0.566039838,0.458951220,8.704774806
1598617663.238486052,-0.152983740,-0.152983740,8.720073180,-0.650180895,0.397757724,8.697125619
1598617663.240433931,0.305967480,0.305967480,9.026040660,-0.611934960,0.344213415,8.697125619
1598617663.242391825,-0.917902440,1.223869920,8.720073180,-0.520144716,0.351862602,8.727722367
1598617663.244341850,-1.682821140,0.000000000,8.261121960,-0.535443090,0.428354472,8.735371554
1598617663.246289968,-0.764918700,-0.305967480,8.567089440,-0.634882521,0.413056098,8.704774806
1598617663.248315811,0.458951220,0.000000000,8.873056920,-0.642531708,0.336564228,8.689476432
1598617663.250275850,0.000000000,1.376853660,8.873056920,-0.550741464,0.321265854,8.704774806
1598617663.252215862,-1.682821140,0.305967480,8.261121960,-0.497197155,0.390108537,8.720073180
1598617663.254128933,-1.376853660,-0.305967480,8.720073180,-0.588987399,0.405406911,8.681827245
1598617663.256059885,0.000000000,-0.152983740,8.873056920,-0.665479269,0.328915041,8.666528871
1598617663.258148909,0.458951220,0.917902440,9.026040660,-0.619584147,0.283019919,8.674178058
1598617663.260117054,-0.917902440,1.223869920,8.720073180,-0.520144716,0.321265854,8.704774806
1598617663.262078047,-1.529837400,-0.152983740,8.414105700,-0.543092277,0.397757724,8.704774806
1598617663.264044762,-0.611934960,-0.152983740,8.567089440,-0.634882521,0.359511789,8.681827245
1598617663.265999794,0.000000000,0.305967480,8.567089440,-0.680777643,0.283019919,8.674178058
1598617663.268055916,-0.458951220,1.223869920,8.567089440,-0.611934960,0.290669106,8.681827245
1598617663.269978762,-1.529837400,0.305967480,8.414105700,-0.596636586,0.359511789,8.681827245
1598617663.271893740,-0.917902440,-0.152983740,8.720073180,-0.680777643,0.382459350,8.658879684
1598617663.273864985,0.305967480,0.000000000,9.026040660,-0.711374391,0.313616667,8.651230497
1598617663.275809765,0.152983740,1.223869920,9.026040660,-0.627233334,0.283019919,8.674178058
1598617663.277759075,-1.070886180,0.764918700,8.720073180,-0.543092277,0.351862602,8.697125619
1598617663.280024767,-1.376853660,0.000000000,8.567089440,-0.588987399,0.397757724,8.697125619
1598617663.281983852,-0.152983740,-0.305967480,8.873056920,-0.673128456,0.382459350,8.674178058
1598617663.283946753,0.000000000,0.611934960,8.720073180,-0.634882521,0.305967480,8.681827245
1598617663.285894871,-0.458951220,1.223869920,8.414105700,-0.550741464,0.336564228,8.704774806
1598617663.287901878,-1.835804880,0.000000000,8.414105700,-0.535443090,0.413056098,8.697125619
1598617663.289883852,-0.458951220,0.000000000,8.873056920,-0.650180895,0.413056098,8.674178058
1598617663.291845798,0.305967480,0.000000000,8.873056920,-0.673128456,0.344213415,8.674178058
1598617663.293804884,0.000000000,1.376853660,8.873056920,-0.573689025,0.328915041,8.704774806
1598617663.295773029,-1.376853660,0.611934960,8.414105700,-0.504846342,0.413056098,8.712423993
1598617663.297733784,-1.223869920,-0.152983740,8.567089440,-0.573689025,0.451302033,8.689476432
1598617663.299796820,0.152983740,0.000000000,9.026040660,-0.657830082,0.397757724,8.666528871
1598617663.301740885,0.305967480,0.917902440,8.873056920,-0.604285773,0.336564228,8.681827245
1598617663.303650856,-0.917902440,1.070886180,8.567089440,-0.512495529,0.390108537,8.704774806
1598617663.305573940,-1.529837400,0.000000000,8.567089440,-0.527793903,0.451302033,8.704774806
1598617663.307529688,-0.305967480,-0.152983740,8.567089440,-0.604285773,0.436003659,8.704774806
1598617663.309607029,-0.305967480,0.305967480,8.873056920,-0.596636586,0.367160976,8.704774806
1598617663.311560631,-0.611934960,1.376853660,8.720073180,-0.535443090,0.367160976,8.727722367
1598617663.313567638,-1.682821140,0.152983740,8.414105700,-0.520144716,0.443652846,8.727722367
1598617663.315514803,-0.917902440,0.000000000,8.567089440,-0.619584147,0.451302033,8.697125619
1598617663.317462683,-0.917902440,0.000000000,8.873056920,-0.673128456,0.390108537,8.674178058
1598617663.319515944,-0.152983740,1.070886180,8.873056920,-0.665479269,0.351862602,8.681827245
1598617663.321423769,-0.917902440,0.917902440,8.567089440,-0.604285773,0.405406911,8.697125619
1598617663.323368788,-1.376853660,-0.152983740,8.567089440,-0.642531708,0.466600407,8.681827245
1598617663.325320005,-0.152983740,0.000000000,8.720073180,-0.711374391,0.428354472,8.674178058
1598617663.327268839,0.152983740,0.611934960,8.873056920,-0.696076017,0.367160976,8.689476432
1598617663.329338789,-0.917902440,1.070886180,8.720073180,-0.596636586,0.397757724,8.712423993
1598617663.331288815,-1.529837400,0.152983740,8.720073180,-0.619584147,0.451302033,8.704774806
1598617663.333236694,-0.764918700,0.000000000,8.414105700,-0.711374391,0.458951220,8.697125619
1598617663.335186720,0.458951220,0.000000000,8.873056920,-0.749620326,0.390108537,8.674178058
1598617663.337095022,0.458951220,1.223869920,8.720073180,-0.657830082,0.359511789,8.697125619
1598617663.339115858,-1.223869920,0.305967480,8.567089440,-0.573689025,0.428354472,8.704774806
1598617663.341051817,-1.223869920,-0.152983740,8.414105700,-0.642531708,0.443652846,8.681827245
1598617663.342983723,-0.152983740,0.000000000,8.873056920,-0.719023578,0.390108537,8.658879684
1598617663.344911814,0.305967480,0.458951220,8.720073180,-0.680777643,0.336564228,8.674178058
1598617663.346851826,-0.305967480,1.070886180,8.720073180,-0.588987399,0.359511789,8.681827245
1598617663.349020720,-1.529837400,0.000000000,8.414105700,-0.588987399,0.420705285,8.689476432
1598617663.350978851,-0.917902440,0.000000000,8.720073180,-0.650180895,0.405406911,8.666528871
1598617663.352903605,0.000000000,0.152983740,8.720073180,-0.665479269,0.336564228,8.666528871
1598617663.354812622,-0.152983740,1.223869920,8.873056920,-0.581338212,0.336564228,8.681827245
1598617663.356758833,-1.529837400,0.000000000,8.567089440,-0.543092277,0.397757724,8.697125619
1598617663.358844757,-1.223869920,-0.152983740,8.567089440,-0.573689025,0.397757724,8.681827245
1598617663.360816956,-0.152983740,0.152983740,8.567089440,-0.627233334,0.336564228,8.666528871
1598617663.362783670,0.152983740,0.611934960,8.873056920,-0.588987399,0.298318293,8.666528871
1598617663.364758730,-1.223869920,0.611934960,8.720073180,-0.512495529,0.336564228,8.681827245
1598617663.366726875,-1.223869920,0.000000000,8.567089440,-0.566039838,0.367160976,8.681827245
1598617663.368809700,-0.305967480,0.152983740,8.720073180,-0.634882521,0.336564228,8.666528871
1598617663.370787859,0.458951220,0.152983740,8.873056920,-0.604285773,0.290669106,8.666528871
1598617663.372755766,-0.764918700,1.223869920,8.567089440,-0.504846342,0.290669106,8.674178058
1598617663.374734879,-0.764918700,0.000000000,8.414105700,-0.504846342,0.351862602,8.681827245
1598617663.376699924,-0.917902440,0.152983740,8.567089440,-0.566039838,0.351862602,8.658879684
1598617663.378775835,0.000000000,0.000000000,8.567089440,-0.634882521,0.298318293,8.651230497
1598617663.380738735,-0.305967480,0.764918700,9.026040660,-0.573689025,0.283019919,8.651230497
1598617663.382703781,-1.223869920,0.458951220,8.873056920,-0.527793903,0.328915041,8.681827245
1598617663.384671688,-1.223869920,-0.152983740,8.720073180,-0.581338212,0.351862602,8.681827245
1598617663.386598587,-0.152983740,0.152983740,8.720073180,-0.657830082,0.321265854,8.681827245
1598617663.388622761,0.305967480,0.305967480,8.720073180,-0.650180895,0.275370732,8.681827245
1598617663.390569687,-1.070886180,0.764918700,8.567089440,-0.558390651,0.290669106,8.697125619
1598617663.392509699,-1.682821140,0.000000000,8.567089440,-0.566039838,0.328915041,8.689476432
1598617663.394454718,-0.305967480,0.152983740,8.567089440,-0.650180895,0.321265854,8.681827245
1598617663.396390676,0.152983740,0.305967480,8.873056920,-0.657830082,0.267721545,8.666528871
1598617663.398452759,-0.305967480,0.611934960,8.873056920,-0.573689025,0.283019919,8.681827245
1598617663.400417805,-1.223869920,0.305967480,8.720073180,-0.527793903,0.321265854,8.697125619
1598617663.402357817,-0.917902440,0.152983740,8.567089440,-0.581338212,0.328915041,8.704774806
1598617663.404266834,0.000000000,0.152983740,8.720073180,-0.634882521,0.305967480,8.689476432
1598617663.406205654,-0.152983740,0.458951220,8.567089440,-0.573689025,0.283019919,8.689476432
1598617663.408237934,-0.458951220,0.764918700,8.873056920,-0.520144716,0.305967480,8.689476432
1598617663.410195827,-1.223869920,0.305967480,8.720073180,-0.527793903,0.336564228,8.697125619
1598617663.412146807,-0.458951220,0.152983740,8.873056920,-0.611934960,0.344213415,8.689476432
1598617663.414095879,-0.152983740,0.305967480,8.720073180,-0.596636586,0.290669106,8.704774806
1598617663.416053772,-0.305967480,0.764918700,8.873056920,-0.566039838,0.305967480,8.720073180
1598617663.418094873,-1.223869920,0.611934960,8.720073180,-0.535443090,0.336564228,8.735371554
1598617663.420018673,-0.611934960,0.000000000,8.873056920,-0.596636586,0.367160976,8.743020741
1598617663.421932697,0.000000000,0.305967480,8.720073180,-0.611934960,0.328915041,8.735371554
1598617663.423889637,-0.305967480,0.458951220,8.873056920,-0.550741464,0.321265854,8.727722367
1598617663.425851583,-0.917902440,0.611934960,8.720073180,-0.504846342,0.351862602,8.735371554
1598617663.427804708,-1.223869920,0.000000000,8.720073180,-0.543092277,0.374810163,8.735371554
1598617663.429955721,-0.305967480,0.305967480,8.720073180,-0.619584147,0.359511789,8.735371554
1598617663.431904793,0.000000000,0.152983740,8.720073180,-0.581338212,0.336564228,8.743020741
1598617663.433859825,-0.305967480,0.764918700,8.873056920,-0.497197155,0.344213415,8.750669928
1598617663.435799837,-1.223869920,0.305967480,9.026040660,-0.497197155,0.374810163,8.765968302
1598617663.437721491,-0.764918700,0.305967480,8.873056920,-0.566039838,0.374810163,8.773617489
1598617663.439776659,-0.152983740,0.152983740,8.567089440,-0.588987399,0.359511789,8.773617489
1598617663.441737652,-0.764918700,0.305967480,8.873056920,-0.535443090,0.351862602,8.765968302
1598617663.443690777,-0.917902440,0.611934960,8.567089440,-0.527793903,0.359511789,8.781266676
1598617663.445657492,-1.223869920,0.000000000,8.720073180,-0.573689025,0.382459350,8.773617489
1598617663.447621584,-0.458951220,0.305967480,8.567089440,-0.627233334,0.359511789,8.781266676
1598617663.449695826,-0.152983740,0.458951220,8.873056920,-0.627233334,0.336564228,8.765968302
1598617663.451661825,-0.305967480,0.611934960,8.873056920,-0.573689025,0.344213415,8.773617489
1598617663.453575611,-1.223869920,0.305967480,8.720073180,-0.566039838,0.367160976,8.773617489
1598617663.455502510,-0.764918700,0.458951220,8.720073180,-0.619584147,0.367160976,8.773617489
1598617663.457465649,-0.305967480,0.458951220,8.720073180,-0.642531708,0.351862602,8.765968302
1598617663.459550619,-0.458951220,0.458951220,8.873056920,-0.596636586,0.344213415,8.765968302
1598617663.461509705,-0.764918700,0.611934960,8.720073180,-0.588987399,0.367160976,8.765968302
1598617663.463464737,-0.917902440,0.305967480,8.873056920,-0.627233334,0.382459350,8.765968302
1598617663.465797663,-0.305967480,0.458951220,8.414105700,-0.657830082,0.374810163,8.765968302
1598617663.467792749,-0.152983740,0.000000000,8.567089440,-0.627233334,0.367160976,8.750669928
1598617663.470312595,-0.917902440,0.764918700,9.026040660,-0.573689025,0.367160976,8.743020741
1598617663.472238541,-1.223869920,0.152983740,8.567089440,-0.604285773,0.390108537,8.758319115
1598617663.474217653,-0.152983740,0.305967480,8.720073180,-0.665479269,0.390108537,8.750669928
1598617663.476171732,-0.305967480,0.152983740,8.873056920,-0.657830082,0.367160976,8.743020741
1598617663.478252888,-0.458951220,0.611934960,8.720073180,-0.611934960,0.359511789,8.735371554
1598617663.480196714,-1.070886180,0.611934960,8.567089440,-0.596636586,0.374810163,8.727722367
1598617663.482136488,-0.611934960,0.152983740,8.414105700,-0.642531708,0.397757724,8.727722367
1598617663.484068632,-0.305967480,0.000000000,8.567089440,-0.634882521,0.390108537,8.704774806
1598617663.485985756,-0.458951220,0.305967480,8.873056920,-0.604285773,0.359511789,8.704774806
1598617663.488040686,-0.917902440,0.764918700,8.873056920,-0.566039838,0.374810163,8.712423993
1598617663.490006685,-0.917902440,0.305967480,8.720073180,-0.588987399,0.397757724,8.727722367
1598617663.491960526,-0.764918700,0.305967480,8.567089440,-0.627233334,0.390108537,8.720073180
1598617663.493913651,-0.305967480,0.152983740,8.720073180,-0.650180895,0.374810163,8.704774806
1598617663.495862722,-0.611934960,0.764918700,8.567089440,-0.604285773,0.367160976,8.704774806
1598617663.497903585,-0.764918700,0.458951220,8.873056920,-0.596636586,0.382459350,8.697125619
1598617663.501952887,-0.305967480,0.000000000,8.720073180,-0.619584147,0.382459350,8.704774806
1598617663.503867626,-0.305967480,0.611934960,9.026040660,-0.611934960,0.359511789,8.697125619
1598617663.505771875,-0.764918700,0.764918700,8.567089440,-0.588987399,0.359511789,8.712423993
1598617663.507706642,-0.764918700,0.458951220,8.720073180,-0.581338212,0.382459350,8.697125619
1598617663.509994745,-0.458951220,0.000000000,8.414105700,-0.604285773,0.382459350,8.712423993
1598617663.511934757,-0.458951220,0.152983740,8.873056920,-0.619584147,0.382459350,8.704774806
1598617663.513876677,-0.611934960,0.764918700,8.720073180,-0.596636586,0.351862602,8.697125619
1598617663.515819788,-1.070886180,0.458951220,8.720073180,-0.566039838,0.382459350,8.704774806
1598617663.517768621,-0.764918700,0.458951220,8.414105700,-0.611934960,0.390108537,8.704774806
1598617663.520042658,0.000000000,-0.305967480,8.720073180,-0.634882521,0.405406911,8.681827245
1598617663.521962643,0.000000000,0.611934960,9.026040660,-0.611934960,0.359511789,8.681827245
1598617663.523928642,-0.764918700,0.764918700,8.873056920,-0.558390651,0.359511789,8.704774806
1598617663.525892496,-1.070886180,0.611934960,8.567089440,-0.566039838,0.390108537,8.727722367
1598617663.527940512,-0.611934960,0.000000000,8.567089440,-0.604285773,0.420705285,8.727722367
1598617663.529923677,-0.305967480,0.152983740,8.720073180,-0.611934960,0.405406911,8.712423993
1598617663.531889677,-0.611934960,0.917902440,9.026040660,-0.581338212,0.374810163,8.704774806
1598617663.533849716,-0.917902440,0.458951220,8.720073180,-0.566039838,0.405406911,8.720073180
1598617663.535771608,-0.917902440,0.305967480,8.720073180,-0.573689025,0.413056098,8.727722367
1598617663.537687540,-0.305967480,-0.152983740,8.720073180,-0.604285773,0.420705285,8.727722367
1598617663.539727688,0.000000000,0.764918700,8.873056920,-0.588987399,0.374810163,8.735371554
1598617663.541686535,-0.764918700,0.764918700,8.567089440,-0.550741464,0.390108537,8.735371554
1598617663.543635607,-1.070886180,0.458951220,8.414105700,-0.573689025,0.428354472,8.727722367
1598617663.545591593,-0.152983740,0.000000000,8.873056920,-0.611934960,0.420705285,8.697125619
1598617663.547540665,0.000000000,0.000000000,8.720073180,-0.581338212,0.382459350,8.712423993
1598617663.549616575,-0.764918700,1.070886180,8.873056920,-0.543092277,0.359511789,8.712423993
1598617663.551571608,-1.070886180,0.458951220,8.414105700,-0.558390651,0.413056098,8.735371554
1598617663.553486586,-0.764918700,0.000000000,8.567089440,-0.588987399,0.428354472,8.712423993
1598617663.555394650,-0.764918700,0.000000000,8.873056920,-0.596636586,0.390108537,8.704774806
1598617663.557351589,-0.305967480,0.764918700,9.026040660,-0.581338212,0.367160976,8.712423993
1598617663.559424400,-1.070886180,0.764918700,8.720073180,-0.558390651,0.382459350,8.743020741
1598617663.561373711,-1.223869920,0.152983740,8.414105700,-0.611934960,0.436003659,8.743020741
1598617663.563324690,-0.458951220,-0.152983740,8.567089440,-0.673128456,0.413056098,8.712423993
1598617663.565272570,0.000000000,0.458951220,8.873056920,-0.657830082,0.367160976,8.697125619
1598617663.567227602,-0.611934960,0.917902440,8.720073180,-0.604285773,0.359511789,8.712423993
1598617663.569283485,-1.223869920,0.305967480,8.567089440,-0.604285773,0.405406911,8.720073180
1598617663.571195602,-0.764918700,0.000000000,8.567089440,-0.650180895,0.413056098,8.712423993
1598617663.573126554,-0.152983740,-0.152983740,8.873056920,-0.657830082,0.367160976,8.689476432
1598617663.575108528,-0.305967480,0.917902440,8.720073180,-0.619584147,0.336564228,8.697125619
1598617663.577071667,-1.070886180,0.764918700,8.720073180,-0.588987399,0.367160976,8.697125619
1598617663.579131603,-1.223869920,0.152983740,8.414105700,-0.627233334,0.413056098,8.697125619
1598617663.581074715,-0.305967480,-0.152983740,8.873056920,-0.688426830,0.382459350,8.674178058
1598617663.583009481,0.152983740,0.764918700,8.720073180,-0.665479269,0.336564228,8.689476432
1598617663.584945679,0.152983740,0.917902440,8.720073180,-0.604285773,0.351862602,8.704774806
1598617663.586857557,-1.223869920,0.305967480,8.567089440,-0.588987399,0.397757724,8.697125619
1598617663.588924646,-0.764918700,-0.152983740,8.567089440,-0.650180895,0.413056098,8.689476432
1598617663.590878725,0.000000000,-0.152983740,8.873056920,-0.650180895,0.351862602,8.674178058
1598617663.592824459,-0.305967480,1.070886180,9.026040660,-0.596636586,0.321265854,8.697125619
1598617663.594786644,-1.223869920,0.458951220,8.567089440,-0.573689025,0.374810163,8.720073180
1598617663.596756458,-1.070886180,0.000000000,8.720073180,-0.596636586,0.397757724,8.704774806
1598617663.598829508,-0.152983740,-0.305967480,8.720073180,-0.634882521,0.359511789,8.689476432
1598617663.600770473,0.000000000,0.917902440,9.026040660,-0.588987399,0.305967480,8.689476432
1598617663.602698565,-1.070886180,0.764918700,8.567089440,-0.527793903,0.344213415,8.720073180
1598617663.604602575,-1.070886180,0.152983740,8.414105700,-0.558390651,0.390108537,8.720073180
1598617663.606535673,-0.611934960,-0.152983740,8.567089440,-0.611934960,0.374810163,8.697125619
1598617663.608720541,0.000000000,0.000000000,8.873056920,-0.611934960,0.321265854,8.689476432
1598617663.610694647,-0.764918700,1.223869920,8.873056920,-0.550741464,0.305967480,8.704774806
1598617663.612652540,-0.764918700,0.305967480,8.567089440,-0.550741464,0.367160976,8.720073180
1598617663.614621639,-0.917902440,0.152983740,8.567089440,-0.581338212,0.390108537,8.704774806
1598617663.616586447,0.000000000,-0.458951220,8.873056920,-0.611934960,0.351862602,8.697125619
1598617663.618662596,0.000000000,0.917902440,9.026040660,-0.558390651,0.290669106,8.704774806
1598617663.620588541,-1.376853660,0.611934960,8.720073180,-0.497197155,0.328915041,8.735371554
1598617663.622519493,-1.529837400,0.000000000,8.567089440,-0.550741464,0.367160976,8.727722367
1598617663.624480486,-0.458951220,-0.152983740,8.720073180,-0.634882521,0.328915041,8.720073180
1598617663.626444578,0.305967480,0.152983740,8.873056920,-0.665479269,0.275370732,8.720073180
1598617663.628497601,-0.458951220,1.376853660,8.720073180,-0.588987399,0.267721545,8.735371554
1598617663.630453587,-1.682821140,0.152983740,8.567089440,-0.573689025,0.344213415,8.743020741
1598617663.632417440,-0.764918700,-0.152983740,8.720073180,-0.657830082,0.359511789,8.727722367
1598617663.634370565,0.000000000,-0.152983740,9.026040660,-0.680777643,0.298318293,8.712423993
1598617663.636291504,0.000000000,1.223869920,8.873056920,-0.619584147,0.267721545,8.735371554
1598617663.638275623,-1.223869920,0.917902440,8.567089440,-0.566039838,0.328915041,8.743020741
1598617663.640222549,-1.070886180,0.000000000,8.567089440,-0.619584147,0.390108537,8.735371554
1598617663.642172575,-1.070886180,-0.152983740,8.720073180,-0.673128456,0.344213415,8.712423993
1598617663.644123554,0.305967480,0.458951220,8.873056920,-0.673128456,0.298318293,8.720073180
1598617663.646079540,-0.764918700,1.223869920,8.720073180,-0.604285773,0.313616667,8.743020741
1598617663.648118496,-1.376853660,0.152983740,8.414105700,-0.611934960,0.382459350,8.750669928
1598617663.650068521,-0.611934960,-0.152983740,8.414105700,-0.680777643,0.390108537,8.727722367
1598617663.652019501,-0.611934960,0.000000000,8.720073180,-0.673128456,0.321265854,8.704774806
1598617663.653922558,-0.152983740,1.376853660,9.026040660,-0.665479269,0.305967480,8.712423993
1598617663.655856609,-1.376853660,0.611934960,8.720073180,-0.627233334,0.367160976,8.735371554
1598617663.657804489,-1.529837400,0.000000000,8.567089440,-0.696076017,0.420705285,8.727722367
1598617663.659872532,0.000000000,-0.305967480,8.567089440,-0.772567887,0.374810163,8.704774806
1598617663.661821365,0.305967480,0.917902440,9.026040660,-0.703725204,0.328915041,8.697125619
1598617663.663780689,-0.917902440,1.070886180,8.720073180,-0.611934960,0.374810163,8.720073180
1598617663.665736437,-1.835804880,0.152983740,8.720073180,-0.634882521,0.436003659,8.720073180
1598617663.667691469,-0.764918700,-0.305967480,8.567089440,-0.741971139,0.436003659,8.712423993
1598617663.669729471,0.152983740,0.305967480,8.873056920,-0.757269513,0.351862602,8.704774806
1598617663.671641588,0.152983740,1.376853660,8.720073180,-0.665479269,0.359511789,8.720073180
1598617663.673572540,-1.682821140,0.305967480,8.567089440,-0.619584147,0.436003659,8.720073180
1598617663.675560474,-1.223869920,-0.152983740,8.567089440,-0.703725204,0.458951220,8.697125619
1598617663.677520752,-0.152983740,-0.305967480,8.873056920,-0.764918700,0.390108537,8.681827245
1598617663.679605484,0.152983740,1.223869920,9.026040660,-0.711374391,0.328915041,8.697125619
1598617663.681553364,0.152983740,0.917902440,8.873056920,-0.650180895,0.390108537,8.720073180
1598617663.683510542,-1.223869920,0.000000000,8.567089440,-0.588987399,0.443652846,8.727722367
1598617663.685467482,-0.458951220,-0.305967480,8.720073180,-0.665479269,0.420705285,8.712423993
1598617663.687385559,0.305967480,0.152983740,8.720073180,-0.650180895,0.344213415,8.712423993
1598617663.689445734,-0.764918700,1.223869920,8.720073180,-0.566039838,0.344213415,8.727722367
1598617663.691408396,-0.764918700,0.000000000,8.414105700,-0.573689025,0.413056098,8.743020741
1598617663.693376541,-1.070886180,-0.152983740,8.720073180,-0.581338212,0.413056098,8.727722367
1598617663.695342541,0.305967480,-0.152983740,8.873056920,-0.627233334,0.336564228,8.712423993
1598617663.697303534,0.000000000,1.070886180,8.720073180,-0.543092277,0.298318293,8.720073180
1598617663.699375629,-1.376853660,0.458951220,8.567089440,-0.466600407,0.351862602,8.727722367
1598617663.701330423,-1.529837400,0.000000000,8.567089440,-0.535443090,0.390108537,8.727722367
1598617663.703259468,-0.152983740,-0.305967480,8.720073180,-0.627233334,0.344213415,8.704774806
1598617663.705174446,0.152983740,0.458951220,8.873056920,-0.588987399,0.275370732,8.704774806
1598617663.707175493,-0.458951220,1.529837400,8.720073180,-0.489547968,0.290669106,8.712423993
1598617663.709250450,-1.529837400,-0.152983740,8.720073180,-0.474249594,0.382459350,8.720073180
1598617663.711201429,-0.458951220,-0.152983740,8.873056920,-0.558390651,0.359511789,8.712423993
1598617663.713151455,0.305967480,0.152983740,9.026040660,-0.588987399,0.283019919,8.720073180
1598617663.715093613,0.152983740,1.376853660,9.026040660,-0.489547968,0.275370732,8.743020741
1598617663.717052460,-1.223869920,0.764918700,8.567089440,-0.420705285,0.351862602,8.765968302
1598617663.719106674,-1.529837400,0.000000000,8.567089440,-0.474249594,0.405406911,8.750669928
1598617663.721017599,0.000000000,-0.152983740,8.873056920,-0.558390651,0.344213415,8.727722367
1598617663.722934484,-0.152983740,0.611934960,8.720073180,-0.566039838,0.290669106,8.727722367
1598617663.724885464,-0.917902440,1.223869920,8.873056920,-0.512495529,0.321265854,8.735371554
1598617663.726848602,-1.682821140,-0.152983740,8.414105700,-0.535443090,0.397757724,8.743020741
1598617663.728913307,-0.305967480,0.000000000,8.873056920,-0.634882521,0.382459350,8.727722367
1598617663.730860472,0.305967480,0.152983740,8.720073180,-0.611934960,0.321265854,8.735371554
1598617663.732807398,-0.305967480,1.223869920,8.873056920,-0.558390651,0.328915041,8.750669928
1598617663.734755516,-1.682821140,0.458951220,8.567089440,-0.520144716,0.397757724,8.758319115
1598617663.736680508,-1.376853660,-0.152983740,8.720073180,-0.619584147,0.428354472,8.743020741
1598617663.738704443,0.000000000,0.000000000,8.720073180,-0.688426830,0.367160976,8.743020741
1598617663.740649462,0.000000000,0.917902440,9.026040660,-0.619584147,0.344213415,8.750669928
1598617663.742610455,-0.917902440,0.917902440,8.720073180,-0.543092277,0.390108537,8.773617489
1598617663.744569302,-1.529837400,-0.152983740,8.720073180,-0.581338212,0.451302033,8.773617489
1598617663.746531487,-0.305967480,0.000000000,8.720073180,-0.665479269,0.420705285,8.765968302
1598617663.748600483,0.458951220,0.458951220,9.026040660,-0.657830082,0.344213415,8.765968302
1598617663.750566483,-0.764918700,1.376853660,8.720073180,-0.558390651,0.374810163,8.781266676
1598617663.752516270,-1.682821140,0.152983740,8.720073180,-0.573689025,0.451302033,8.773617489
1598617663.754435539,-1.223869920,0.000000000,8.720073180,-0.673128456,0.451302033,8.758319115
1598617663.756371498,0.000000000,0.000000000,8.873056920,-0.741971139,0.382459350,8.743020741
1598617663.758357525,-0.305967480,1.223869920,8.873056920,-0.680777643,0.344213415,8.758319115
1598617663.760329485,-0.305967480,0.611934960,8.720073180,-0.619584147,0.405406911,8.773617489
1598617663.762293577,-1.376853660,-0.152983740,8.567089440,-0.634882521,0.443652846,8.765968302
1598617663.764317513,-0.152983740,0.000000000,8.720073180,-0.696076017,0.405406911,8.758319115
1598617663.766286373,0.458951220,0.305967480,9.026040660,-0.657830082,0.344213415,8.750669928
1598617663.768332481,-0.917902440,1.070886180,8.567089440,-0.550741464,0.367160976,8.781266676
1598617663.770261526,-1.835804880,0.000000000,8.720073180,-0.581338212,0.420705285,8.765968302
1598617663.772179365,-0.917902440,0.000000000,8.567089440,-0.688426830,0.413056098,8.765968302
1598617663.774141550,0.305967480,0.152983740,8.720073180,-0.719023578,0.351862602,8.750669928
1598617663.776147366,-0.305967480,0.917902440,8.873056920,-0.619584147,0.336564228,8.758319115
1598617663.778198481,-1.529837400,0.305967480,8.567089440,-0.566039838,0.390108537,8.765968302
1598617663.780178547,-1.070886180,-0.152983740,8.567089440,-0.642531708,0.405406911,8.758319115
1598617663.782150507,-0.152983740,0.000000000,8.567089440,-0.696076017,0.351862602,8.735371554
1598617663.784121275,0.305967480,0.611934960,9.026040660,-0.657830082,0.305967480,8.727722367
1598617663.786077499,-1.376853660,0.917902440,8.567089440,-0.566039838,0.344213415,8.743020741
1598617663.788096428,-1.376853660,-0.152983740,8.567089440,-0.619584147,0.390108537,8.735371554
1598617663.790052414,-0.458951220,0.152983740,8.873056920,-0.711374391,0.359511789,8.712423993
1598617663.792024374,0.458951220,0.152983740,8.873056920,-0.696076017,0.298318293,8.720073180
1598617663.793979406,-0.764918700,1.070886180,8.720073180,-0.588987399,0.298318293,8.727722367
1598617663.795947552,-0.764918700,0.152983740,8.720073180,-0.566039838,0.351862602,8.727722367
1598617663.797998428,-0.917902440,0.000000000,8.567089440,-0.604285773,0.359511789,8.720073180
1598617663.799978495,0.000000000,0.000000000,8.873056920,-0.634882521,0.298318293,8.704774806
1598617663.801940441,-0.152983740,0.611934960,8.720073180,-0.619584147,0.267721545,8.712423993
1598617663.803865433,-1.223869920,0.458951220,8.720073180,-0.558390651,0.305967480,8.720073180
1598617663.805788517,-1.070886180,-0.152983740,8.567089440,-0.611934960,0.328915041,8.720073180
1598617663.807748318,-0.305967480,0.152983740,8.567089440,-0.688426830,0.305967480,8.697125619
1598617663.809801579,0.305967480,0.305967480,8.720073180,-0.657830082,0.260072358,8.697125619
1598617663.811741352,-0.458951220,0.917902440,8.567089440,-0.550741464,0.275370732,8.697125619
1598617663.813686609,-1.529837400,0.000000000,8.720073180,-0.527793903,0.321265854,8.697125619
1598617663.815621376,-0.764918700,0.152983740,8.414105700,-0.619584147,0.313616667,8.697125619
1598617663.817558527,0.000000000,0.152983740,8.567089440,-0.642531708,0.275370732,8.674178058
1598617663.819741488,-0.458951220,0.764918700,8.873056920,-0.566039838,0.267721545,8.674178058
1598617663.821714401,-1.376853660,0.458951220,8.873056920,-0.535443090,0.313616667,8.689476432
1598617663.823663473,-1.376853660,-0.152983740,8.567089440,-0.596636586,0.336564228,8.704774806
1598617663.825614452,-0.152983740,0.152983740,8.873056920,-0.680777643,0.298318293,8.681827245
1598617663.827573538,0.000000000,0.458951220,8.720073180,-0.619584147,0.260072358,8.697125619
1598617663.829654217,-1.223869920,0.764918700,8.873056920,-0.550741464,0.290669106,8.704774806
1598617663.831620455,-1.223869920,0.000000000,8.414105700,-0.588987399,0.321265854,8.704774806
1598617663.833581209,-0.458951220,0.305967480,8.720073180,-0.673128456,0.313616667,8.681827245
1598617663.835538387,0.152983740,0.458951220,8.873056920,-0.657830082,0.275370732,8.681827245
1598617663.837452173,-0.458951220,0.764918700,9.026040660,-0.611934960,0.290669106,8.689476432
1598617663.839504480,-1.223869920,0.152983740,8.720073180,-0.588987399,0.328915041,8.712423993
1598617663.841468334,-1.223869920,0.152983740,8.873056920,-0.650180895,0.336564228,8.704774806
1598617663.843430519,0.000000000,0.305967480,8.873056920,-0.703725204,0.313616667,8.712423993
1598617663.845394373,-0.305967480,0.458951220,8.873056920,-0.642531708,0.305967480,8.720073180
1598617663.847346544,-0.917902440,0.764918700,8.567089440,-0.604285773,0.336564228,8.735371554
1598617663.849432230,-0.917902440,0.000000000,8.873056920,-0.634882521,0.367160976,8.735371554
1598617663.851397276,-0.458951220,0.458951220,8.873056920,-0.696076017,0.351862602,8.743020741
1598617663.853331566,0.000000000,0.305967480,8.873056920,-0.696076017,0.328915041,8.758319115
1598617663.855256319,-0.611934960,0.917902440,8.720073180,-0.619584147,0.344213415,8.765968302
1598617663.857219219,-1.223869920,0.305967480,8.873056920,-0.611934960,0.382459350,8.781266676
1598617663.859294415,-0.764918700,0.305967480,8.567089440,-0.673128456,0.390108537,8.796565050
1598617663.861262321,0.000000000,0.152983740,8.873056920,-0.688426830,0.367160976,8.781266676
1598617663.863221169,-0.458951220,0.305967480,8.720073180,-0.619584147,0.351862602,8.781266676
1598617663.865186214,-1.070886180,0.611934960,8.873056920,-0.573689025,0.374810163,8.788915863
1598617663.867153406,-0.764918700,0.000000000,8.567089440,-0.619584147,0.397757724,8.788915863
1598617663.869216204,-0.152983740,0.458951220,8.720073180,-0.657830082,0.374810163,8.781266676
1598617663.871136189,-0.152983740,0.305967480,9.026040660,-0.604285773,0.359511789,8.773617489
1598617663.873067379,-0.458951220,0.764918700,8.720073180,-0.550741464,0.374810163,8.804214237
1598617663.875022411,-1.223869920,0.000000000,8.720073180,-0.550741464,0.397757724,8.804214237
1598617663.877005339,-0.458951220,0.152983740,8.567089440,-0.619584147,0.374810163,8.796565050
1598617663.879121304,-0.458951220,0.152983740,8.720073180,-0.619584147,0.344213415,8.773617489
1598617663.881074429,-0.611934960,0.458951220,8.873056920,-0.581338212,0.344213415,8.773617489
1598617663.883027554,-0.917902440,0.458951220,8.720073180,-0.550741464,0.359511789,8.773617489
1598617663.887059450,0.000000000,0.458951220,8.720073180,-0.596636586,0.367160976,8.765968302
1598617663.889104366,-0.458951220,0.305967480,8.720073180,-0.581338212,0.367160976,8.758319115
1598617663.891059399,-0.764918700,0.917902440,8.720073180,-0.558390651,0.344213415,8.765968302
1598617663.893014193,-0.917902440,0.152983740,8.720073180,-0.550741464,0.390108537,8.758319115
1598617663.894966364,-0.917902440,0.305967480,8.720073180,-0.573689025,0.374810163,8.750669928
1598617663.896921396,-0.152983740,0.458951220,8.720073180,-0.619584147,0.374810163,8.743020741
1598617663.898994446,-0.458951220,0.458951220,8.720073180,-0.596636586,0.351862602,8.743020741
1598617663.900953293,-0.917902440,0.458951220,9.026040660,-0.558390651,0.359511789,8.735371554
1598617663.902892351,-0.764918700,0.305967480,8.720073180,-0.566039838,0.367160976,8.758319115
1598617663.904805422,-0.152983740,0.152983740,8.567089440,-0.604285773,0.374810163,8.750669928
1598617663.906740189,-0.611934960,0.305967480,8.873056920,-0.588987399,0.367160976,8.743020741
1598617663.908813238,-0.917902440,0.611934960,8.873056920,-0.566039838,0.351862602,8.743020741
1598617663.910766363,-1.223869920,0.152983740,8.720073180,-0.573689025,0.382459350,8.758319115
1598617663.912716389,-0.152983740,0.305967480,8.720073180,-0.627233334,0.367160976,8.758319115
1598617663.914665222,-0.152983740,0.000000000,8.720073180,-0.627233334,0.367160976,8.743020741
1598617663.916625500,-0.611934960,0.764918700,8.720073180,-0.611934960,0.328915041,8.743020741
1598617663.918695450,-1.223869920,0.152983740,8.720073180,-0.581338212,0.367160976,8.743020741
1598617663.920618296,-0.611934960,0.458951220,8.567089440,-0.619584147,0.367160976,8.750669928
1598617663.922537327,-0.305967480,0.152983740,8.567089440,-0.627233334,0.382459350,8.743020741
1598617663.924491167,-0.305967480,0.305967480,8.873056920,-0.611934960,0.367160976,8.727722367
1598617663.926449299,-0.764918700,0.611934960,8.873056920,-0.581338212,0.359511789,8.735371554
1598617663.928505421,-1.070886180,0.152983740,8.720073180,-0.619584147,0.367160976,8.743020741
1598617663.930473328,-0.458951220,0.611934960,8.720073180,-0.650180895,0.359511789,8.743020741
1598617663.932432413,-0.611934960,0.152983740,8.720073180,-0.634882521,0.344213415,8.743020741
1598617663.934392214,-0.764918700,0.611934960,8.873056920,-0.619584147,0.344213415,8.743020741
1598617663.936338186,-0.917902440,0.305967480,8.720073180,-0.611934960,0.359511789,8.750669928
1598617663.938286304,-0.917902440,0.458951220,8.567089440,-0.650180895,0.351862602,8.750669928
1598617663.940209389,-0.305967480,0.152983740,8.720073180,-0.673128456,0.351862602,8.743020741
1598617663.942171335,-0.611934960,0.152983740,8.567089440,-0.642531708,0.336564228,8.727722367
1598617663.944123507,-0.764918700,0.611934960,8.873056920,-0.634882521,0.328915041,8.720073180
1598617663.946092367,-0.764918700,0.458951220,8.720073180,-0.665479269,0.351862602,8.735371554
1598617663.948144436,-0.458951220,0.611934960,8.567089440,-0.673128456,0.359511789,8.727722367
1598617663.950104237,-0.305967480,0.152983740,8.720073180,-0.650180895,0.359511789,8.712423993
1598617663.952051163,-0.764918700,0.764918700,8.720073180,-0.604285773,0.359511789,8.712423993
1598617663.953960180,-0.764918700,0.458951220,8.720073180,-0.634882521,0.382459350,8.712423993
1598617663.956075191,-0.611934960,0.458951220,8.567089440,-0.665479269,0.405406911,8.712423993
1598617663.958115339,-0.611934960,0.000000000,8.873056920,-0.665479269,0.390108537,8.704774806
1598617663.960082293,-0.152983740,0.611934960,8.873056920,-0.634882521,0.382459350,8.712423993
1598617663.962037325,-0.764918700,0.611934960,8.873056920,-0.611934960,0.390108537,8.727722367
1598617663.963992357,-0.917902440,0.458951220,8.567089440,-0.634882521,0.413056098,8.743020741
1598617663.965948105,-0.305967480,0.305967480,8.414105700,-0.665479269,0.420705285,8.727722367
1598617663.967991352,-0.305967480,0.000000000,8.873056920,-0.642531708,0.405406911,8.704774806
1598617663.969942331,-0.458951220,0.764918700,8.720073180,-0.604285773,0.397757724,8.712423993
1598617663.971852303,-1.070886180,0.458951220,8.720073180,-0.604285773,0.405406911,8.712423993
1598617663.973787308,-0.611934960,0.458951220,8.567089440,-0.627233334,0.420705285,8.712423993
1598617663.975738287,-0.305967480,-0.152983740,8.567089440,-0.619584147,0.413056098,8.697125619
1598617663.977725267,-0.305967480,0.458951220,8.873056920,-0.588987399,0.390108537,8.689476432
1598617663.979799271,-0.764918700,0.458951220,8.720073180,-0.558390651,0.390108537,8.704774806
1598617663.981743336,-0.917902440,0.458951220,8.873056920,-0.581338212,0.405406911,8.704774806
1598617663.983689308,-0.611934960,0.152983740,8.414105700,-0.596636586,0.420705285,8.720073180
1598617663.985642195,-0.611934960,-0.152983740,8.873056920,-0.588987399,0.397757724,8.697125619
1598617663.987557411,-0.458951220,0.764918700,8.720073180,-0.581338212,0.367160976,8.704774806
1598617663.989596128,-0.764918700,0.458951220,8.567089440,-0.581338212,0.374810163,8.712423993
1598617663.991552353,-0.764918700,0.458951220,8.567089440,-0.604285773,0.390108537,8.704774806
1598617663.993502140,0.000000000,-0.152983740,8.720073180,-0.604285773,0.374810163,8.697125619
1598617663.995450258,0.000000000,0.611934960,9.026040660,-0.566039838,0.344213415,8.697125619
1598617663.997389317,-0.764918700,0.764918700,9.026040660,-0.535443090,0.351862602,8.720073180
1598617663.999469280,-1.070886180,0.305967480,8.414105700,-0.543092277,0.390108537,8.727722367
1598617664.001420259,-0.611934960,-0.152983740,8.720073180,-0.588987399,0.374810163,8.704774806
1598617664.003350258,-0.305967480,0.152983740,8.873056920,-0.581338212,0.336564228,8.697125619
1598617664.005266190,-0.458951220,0.764918700,8.873056920,-0.550741464,0.321265854,8.712423993
1598617664.007214308,-1.070886180,0.611934960,8.720073180,-0.558390651,0.344213415,8.735371554
1598617664.009296179,-0.764918700,0.152983740,8.567089440,-0.596636586,0.374810163,8.727722367
1598617664.011257410,-0.458951220,0.000000000,8.567089440,-0.611934960,0.344213415,8.720073180
1598617664.013216257,-0.152983740,0.611934960,9.026040660,-0.581338212,0.321265854,8.712423993
1598617664.015179157,-0.917902440,0.611934960,8.873056920,-0.558390651,0.328915041,8.735371554
1598617664.017150164,-1.223869920,0.764918700,8.720073180,-0.588987399,0.367160976,8.750669928
1598617664.019214392,-0.152983740,-0.152983740,8.567089440,-0.634882521,0.382459350,8.743020741
1598617664.021122217,0.152983740,0.305967480,9.026040660,-0.604285773,0.351862602,8.735371554
1598617664.023035049,-0.458951220,0.764918700,9.026040660,-0.550741464,0.344213415,8.743020741
1598617664.024975061,-0.764918700,0.305967480,8.567089440,-0.543092277,0.374810163,8.773617489
1598617664.026932240,-1.070886180,0.305967480,8.414105700,-0.550741464,0.397757724,8.758319115
1598617664.029147148,-0.152983740,-0.305967480,8.567089440,-0.581338212,0.374810163,8.743020741
1598617664.031120062,-0.152983740,0.917902440,8.720073180,-0.550741464,0.336564228,8.743020741
1598617664.033087254,-0.917902440,0.611934960,8.567089440,-0.520144716,0.359511789,8.750669928
1598617664.035055161,-1.376853660,0.458951220,8.720073180,-0.566039838,0.397757724,8.743020741
1598617664.036995411,-0.305967480,-0.305967480,8.720073180,-0.634882521,0.390108537,8.727722367
1598617664.039018154,0.000000000,0.458951220,8.873056920,-0.611934960,0.336564228,8.712423993
1598617664.040977240,-0.611934960,1.070886180,8.873056920,-0.558390651,0.344213415,8.735371554
1598617664.042934179,-1.223869920,0.458951220,8.567089440,-0.558390651,0.405406911,8.743020741
1598617664.044875145,-0.917902440,0.152983740,9.026040660,-0.604285773,0.420705285,8.727722367
1598617664.046822071,-0.152983740,0.152983740,8.567089440,-0.627233334,0.390108537,8.735371554
1598617664.049002171,-0.305967480,0.917902440,8.720073180,-0.581338212,0.367160976,8.727722367
1598617664.050967216,-1.070886180,0.611934960,8.567089440,-0.558390651,0.405406911,8.735371554
1598617664.052915096,-0.917902440,-0.152983740,8.414105700,-0.588987399,0.436003659,8.735371554
1598617664.054822206,-0.917902440,-0.305967480,8.720073180,-0.627233334,0.397757724,8.704774806
1598617664.056757212,0.000000000,0.458951220,8.873056920,-0.627233334,0.351862602,8.697125619
1598617664.058834076,-0.917902440,0.917902440,8.873056920,-0.566039838,0.336564228,8.704774806
1598617664.060801268,-1.223869920,0.305967480,8.567089440,-0.604285773,0.390108537,8.720073180
1598617664.062763214,-0.611934960,-0.305967480,8.720073180,-0.673128456,0.390108537,8.697125619
1598617664.064727306,-0.611934960,0.458951220,8.873056920,-0.680777643,0.336564228,8.681827245
1598617664.066692114,-0.458951220,0.917902440,8.720073180,-0.673128456,0.344213415,8.697125619
1598617664.068766117,-1.070886180,0.611934960,8.567089440,-0.642531708,0.374810163,8.712423993
1598617664.070699215,-1.376853660,0.152983740,8.720073180,-0.688426830,0.420705285,8.712423993
1598617664.072621346,0.000000000,0.000000000,9.026040660,-0.749620326,0.382459350,8.712423993
1598617664.074586153,-0.305967480,0.917902440,9.026040660,-0.703725204,0.351862602,8.735371554
1598617664.076551199,-0.917902440,0.611934960,8.261121960,-0.650180895,0.374810163,8.750669928
1598617664.078662157,-1.529837400,0.305967480,8.567089440,-0.680777643,0.420705285,8.727722367
1598617664.080633163,-0.458951220,-0.458951220,8.720073180,-0.757269513,0.413056098,8.712423993
1598617664.082586050,0.305967480,0.611934960,9.026040660,-0.749620326,0.336564228,8.704774806
1598617664.084541082,-0.764918700,0.917902440,8.873056920,-0.673128456,0.344213415,8.727722367
1598617664.086484194,-1.376853660,0.458951220,8.567089440,-0.665479269,0.382459350,8.720073180
1598617664.088483095,-0.764918700,0.000000000,8.414105700,-0.726672765,0.397757724,8.720073180
1598617664.090408087,0.000000000,0.000000000,8.873056920,-0.749620326,0.351862602,8.704774806
1598617664.092354059,0.000000000,1.223869920,8.720073180,-0.696076017,0.321265854,8.720073180
1598617664.094299078,-1.376853660,0.611934960,8.567089440,-0.650180895,0.390108537,8.735371554
1598617664.096242189,-1.376853660,0.152983740,8.567089440,-0.673128456,0.436003659,8.727722367
1598617664.098286152,-0.305967480,-0.305967480,8.720073180,-0.741971139,0.420705285,8.712423993
1598617664.100250006,0.152983740,0.305967480,8.873056920,-0.711374391,0.359511789,8.704774806
1598617664.102205276,-0.764918700,0.917902440,8.720073180,-0.642531708,0.359511789,8.720073180
1598617664.104130983,-1.682821140,0.305967480,8.567089440,-0.650180895,0.420705285,8.720073180
1598617664.106048346,-0.611934960,0.000000000,8.567089440,-0.703725204,0.413056098,8.704774806
1598617664.108103275,0.152983740,-0.152983740,8.873056920,-0.711374391,0.367160976,8.697125619
1598617664.110072136,-0.152983740,1.070886180,9.026040660,-0.650180895,0.328915041,8.712423993
1598617664.112017155,-1.376853660,0.458951220,8.567089440,-0.588987399,0.374810163,8.727722367
1598617664.113978148,-1.223869920,0.000000000,8.720073180,-0.657830082,0.397757724,8.704774806
1598617664.115934134,0.000000000,-0.458951220,8.720073180,-0.703725204,0.351862602,8.689476432
1598617664.117974281,0.305967480,0.764918700,9.026040660,-0.657830082,0.298318293,8.712423993
1598617664.119926929,-1.223869920,1.070886180,8.567089440,-0.566039838,0.321265854,8.735371554
1598617664.121840239,-1.529837400,0.152983740,8.414105700,-0.604285773,0.397757724,8.727722367
1598617664.123786211,-0.764918700,-0.305967480,8.414105700,-0.696076017,0.374810163,8.697125619
1598617664.125751972,0.000000000,0.305967480,8.873056920,-0.696076017,0.313616667,8.674178058
1598617664.127711296,-0.305967480,1.223869920,8.873056920,-0.627233334,0.305967480,8.689476432
1598617664.129789114,-1.529837400,0.611934960,8.414105700,-0.604285773,0.367160976,8.712423993
1598617664.131748199,-1.529837400,-0.152983740,8.567089440,-0.680777643,0.397757724,8.689476432
1598617664.133708954,0.152983740,-0.305967480,8.873056920,-0.757269513,0.328915041,8.681827245
1598617664.135667086,0.305967480,1.070886180,9.026040660,-0.680777643,0.283019919,8.697125619
1598617664.137584209,-0.917902440,0.917902440,8.720073180,-0.596636586,0.328915041,8.720073180
1598617664.139623165,-1.529837400,0.152983740,8.567089440,-0.627233334,0.390108537,8.720073180
1598617664.141586065,-1.529837400,-0.152983740,8.720073180,-0.711374391,0.382459350,8.704774806
1598617664.143545151,0.458951220,0.458951220,9.026040660,-0.749620326,0.328915041,8.704774806
1598617664.145502090,-0.305967480,1.376853660,8.720073180,-0.642531708,0.336564228,8.727722367
1598617664.147466183,-1.682821140,0.305967480,8.414105700,-0.627233334,0.405406911,8.735371554
1598617664.149556160,-0.611934960,-0.152983740,8.567089440,-0.719023578,0.428354472,8.712423993
1598617664.151513100,0.152983740,0.000000000,8.567089440,-0.741971139,0.367160976,8.689476432
1598617664.153459311,0.000000000,1.223869920,8.720073180,-0.665479269,0.344213415,8.689476432
1598617664.155381918,-1.223869920,0.611934960,8.567089440,-0.604285773,0.405406911,8.689476432
1598617664.157334089,-1.682821140,0.000000000,8.567089440,-0.665479269,0.458951220,8.681827245
1598617664.159423113,0.000000000,-0.152983740,8.873056920,-0.764918700,0.420705285,8.658879684
1598617664.161381006,0.305967480,0.458951220,8.873056920,-0.703725204,0.359511789,8.674178058
1598617664.163350105,-0.611934960,1.376853660,8.720073180,-0.611934960,0.374810163,8.697125619
1598617664.165307045,-1.529837400,0.000000000,8.720073180,-0.604285773,0.458951220,8.712423993
1598617664.167273998,-1.070886180,-0.152983740,8.720073180,-0.680777643,0.443652846,8.704774806
1598617664.169339180,0.305967480,0.152983740,8.873056920,-0.719023578,0.374810163,8.697125619
1598617664.171267986,-0.152983740,1.376853660,8.567089440,-0.627233334,0.351862602,8.720073180
1598617664.173210144,-1.529837400,0.611934960,8.720073180,-0.558390651,0.428354472,8.720073180
1598617664.175168991,-1.529837400,-0.152983740,8.567089440,-0.642531708,0.474249594,8.712423993
1598617664.177137136,0.152983740,-0.152983740,8.720073180,-0.734321952,0.413056098,8.689476432
1598617664.179246187,0.152983740,0.917902440,9.026040660,-0.680777643,0.359511789,8.689476432
1598617664.181206942,-1.070886180,1.223869920,8.567089440,-0.596636586,0.397757724,8.712423993
1598617664.183166981,-1.682821140,0.000000000,8.567089440,-0.573689025,0.466600407,8.704774806
1598617664.185132027,-0.458951220,-0.152983740,8.720073180,-0.680777643,0.443652846,8.681827245
1598617664.187072039,0.152983740,0.458951220,8.873056920,-0.688426830,0.367160976,8.681827245
1598617664.189105034,-0.764918700,1.376853660,8.567089440,-0.596636586,0.374810163,8.704774806
1598617664.191066027,-1.529837400,0.152983740,8.567089440,-0.604285773,0.451302033,8.704774806
1598617664.193018198,-1.070886180,-0.152983740,8.720073180,-0.688426830,0.458951220,8.704774806
1598617664.194973230,0.152983740,-0.152983740,9.179024400,-0.741971139,0.390108537,8.704774806
1598617664.196928978,0.000000000,1.070886180,8.720073180,-0.673128456,0.351862602,8.735371554
1598617664.199000120,-1.376853660,0.764918700,8.567089440,-0.588987399,0.405406911,8.743020741
1598617664.200958967,-1.529837400,0.000000000,8.873056920,-0.657830082,0.451302033,8.727722367
1598617664.202908278,-0.305967480,-0.152983740,8.567089440,-0.749620326,0.428354472,8.727722367
1598617664.204823017,0.305967480,0.764918700,8.873056920,-0.734321952,0.351862602,8.720073180
1598617664.206743002,0.305967480,1.223869920,8.720073180,-0.642531708,0.390108537,8.727722367
1598617664.208812952,-1.529837400,0.000000000,8.567089440,-0.573689025,0.458951220,8.727722367
1598617664.210769176,-0.764918700,-0.152983740,8.720073180,-0.665479269,0.451302033,8.712423993
1598617664.212713957,0.305967480,-0.152983740,8.873056920,-0.696076017,0.374810163,8.720073180
1598617664.214664936,-0.458951220,1.223869920,8.873056920,-0.604285773,0.336564228,8.727722367
1598617664.216622114,-0.458951220,0.305967480,8.414105700,-0.550741464,0.405406911,8.743020741
1598617664.218688965,-1.529837400,-0.152983740,8.261121960,-0.581338212,0.428354472,8.727722367
1598617664.220607996,0.000000000,0.000000000,8.720073180,-0.665479269,0.374810163,8.689476432
1598617664.222517014,0.152983740,0.764918700,8.873056920,-0.611934960,0.313616667,8.697125619
1598617664.224460125,-0.764918700,1.376853660,8.720073180,-0.520144716,0.351862602,8.712423993
1598617664.226471901,-1.682821140,0.000000000,8.720073180,-0.535443090,0.428354472,8.712423993
1598617664.228522062,-0.305967480,0.000000000,8.720073180,-0.627233334,0.405406911,8.704774806
1598617664.230458021,0.458951220,0.000000000,8.873056920,-0.604285773,0.336564228,8.712423993
1598617664.232391119,-0.152983740,1.529837400,8.567089440,-0.504846342,0.328915041,8.727722367
1598617664.234328032,-1.682821140,0.458951220,8.567089440,-0.458951220,0.413056098,8.720073180
1598617664.236257076,-1.070886180,0.000000000,8.720073180,-0.550741464,0.443652846,8.689476432
1598617664.238340139,0.152983740,-0.152983740,8.873056920,-0.604285773,0.390108537,8.689476432
1598617664.240281105,0.152983740,0.764918700,8.873056920,-0.527793903,0.344213415,8.704774806
1598617664.242232084,-1.223869920,1.223869920,8.567089440,-0.443652846,0.382459350,8.704774806
1598617664.244189024,-1.376853660,-0.152983740,8.567089440,-0.489547968,0.451302033,8.704774806
